timestamp_ms,adc_value,status,heart_rate_bpm,state,loop_number,log_timestamp
260000,3711,0,70,NORMAL,261,2026-03-10T15:28:37.028331
260004,3672,0,70,NORMAL,261,2026-03-10T15:28:37.028331
260008,3655,0,70,NORMAL,261,2026-03-10T15:28:37.028331
260012,3677,0,70,NORMAL,261,2026-03-10T15:28:37.028331
260016,3598,0,70,NORMAL,261,2026-03-10T15:28:37.028331
260020,3598,0,70,NORMAL,261,2026-03-10T15:28:37.028331
260024,3518,0,70,NORMAL,261,2026-03-10T15:28:37.028331
260028,3465,0,70,NORMAL,261,2026-03-10T15:28:37.028331
260032,3444,0,70,NORMAL,261,2026-03-10T15:28:37.028331
260036,3330,0,70,NORMAL,261,2026-03-10T15:28:37.028331
260040,3352,0,70,NORMAL,261,2026-03-10T15:28:37.028331
260044,3198,0,70,NORMAL,261,2026-03-10T15:28:37.028331
260048,3230,0,70,NORMAL,261,2026-03-10T15:28:37.028331
260052,3145,0,70,NORMAL,261,2026-03-10T15:28:37.028331
260056,3040,0,70,NORMAL,261,2026-03-10T15:28:37.028331
260060,2979,0,70,NORMAL,261,2026-03-10T15:28:37.028331
260064,2957,0,70,NORMAL,261,2026-03-10T15:28:37.028331
260068,2942,0,70,NORMAL,261,2026-03-10T15:28:37.028331
260072,2844,0,70,NORMAL,261,2026-03-10T15:28:37.028331
260076,2739,0,70,NORMAL,261,2026-03-10T15:28:37.028331
260080,2723,0,70,NORMAL,261,2026-03-10T15:28:37.028331
260084,2691,0,70,NORMAL,261,2026-03-10T15:28:37.028331
260088,2655,0,70,NORMAL,261,2026-03-10T15:28:37.028331
260092,2645,0,70,NORMAL,261,2026-03-10T15:28:37.028331
260096,2504,0,70,NORMAL,261,2026-03-10T15:28:37.028331
260100,2598,0,70,NORMAL,261,2026-03-10T15:28:37.028331
260104,2570,0,70,NORMAL,261,2026-03-10T15:28:37.028331
260108,2583,0,70,NORMAL,261,2026-03-10T15:28:37.028331
260112,2509,0,70,NORMAL,261,2026-03-10T15:28:37.028331
260116,2501,0,70,NORMAL,261,2026-03-10T15:28:37.028331
260120,2532,0,70,NORMAL,261,2026-03-10T15:28:37.028331
260124,2546,0,70,NORMAL,261,2026-03-10T15:28:37.028331
260128,2572,0,70,NORMAL,261,2026-03-10T15:28:37.028331
260132,2499,0,70,NORMAL,261,2026-03-10T15:28:37.028331
260136,2545,0,70,NORMAL,261,2026-03-10T15:28:37.028331
260140,2516,0,70,NORMAL,261,2026-03-10T15:28:37.028331
260144,2546,0,70,NORMAL,261,2026-03-10T15:28:37.028331
260148,2546,0,70,NORMAL,261,2026-03-10T15:28:37.028331
260152,2532,0,70,NORMAL,261,2026-03-10T15:28:37.028331
260156,2522,0,70,NORMAL,261,2026-03-10T15:28:37.028331
260160,2537,0,70,NORMAL,261,2026-03-10T15:28:37.028331
260164,2578,0,70,NORMAL,261,2026-03-10T15:28:37.028331
260168,2582,0,70,NORMAL,261,2026-03-10T15:28:37.028331
260172,2648,0,70,NORMAL,261,2026-03-10T15:28:37.028331
260176,2526,0,70,NORMAL,261,2026-03-10T15:28:37.028331
260180,2572,0,70,NORMAL,261,2026-03-10T15:28:37.028331
260184,2626,0,70,NORMAL,261,2026-03-10T15:28:37.028331
260188,2541,0,70,NORMAL,261,2026-03-10T15:28:37.028331
260192,2563,0,70,NORMAL,261,2026-03-10T15:28:37.028331
260196,2642,0,70,NORMAL,261,2026-03-10T15:28:37.028331
260200,2591,0,70,NORMAL,261,2026-03-10T15:28:37.028331
260204,2579,0,70,NORMAL,261,2026-03-10T15:28:37.028331
260208,2577,0,70,NORMAL,261,2026-03-10T15:28:37.028331
260212,2582,0,70,NORMAL,261,2026-03-10T15:28:37.028331
260216,2535,0,70,NORMAL,261,2026-03-10T15:28:37.028331
260220,2561,0,70,NORMAL,261,2026-03-10T15:28:37.028331
260224,2596,0,70,NORMAL,261,2026-03-10T15:28:37.028331
260228,2584,0,70,NORMAL,261,2026-03-10T15:28:37.028331
260232,2571,0,70,NORMAL,261,2026-03-10T15:28:37.028331
260236,2521,0,70,NORMAL,261,2026-03-10T15:28:37.028331
260240,2506,0,70,NORMAL,261,2026-03-10T15:28:37.028331
260244,2548,0,70,NORMAL,261,2026-03-10T15:28:37.028331
260248,2493,0,70,NORMAL,261,2026-03-10T15:28:37.028331
260252,2534,0,70,NORMAL,261,2026-03-10T15:28:37.028331
260256,2527,0,70,NORMAL,261,2026-03-10T15:28:37.028331
260260,2488,0,70,NORMAL,261,2026-03-10T15:28:37.028331
260264,2481,0,70,NORMAL,261,2026-03-10T15:28:37.028331
260268,2469,0,70,NORMAL,261,2026-03-10T15:28:37.028331
260272,2483,0,70,NORMAL,261,2026-03-10T15:28:37.028331
260276,2463,0,70,NORMAL,261,2026-03-10T15:28:37.028331
260280,2474,0,70,NORMAL,261,2026-03-10T15:28:37.028331
260284,2449,0,70,NORMAL,261,2026-03-10T15:28:37.028331
260288,2439,0,70,NORMAL,261,2026-03-10T15:28:37.028331
260292,2372,0,70,NORMAL,261,2026-03-10T15:28:37.028331
260296,2395,0,70,NORMAL,261,2026-03-10T15:28:37.028331
260300,2470,0,70,NORMAL,261,2026-03-10T15:28:37.028331
260304,2409,0,70,NORMAL,261,2026-03-10T15:28:37.028331
260308,2443,0,70,NORMAL,261,2026-03-10T15:28:37.028331
260312,2293,0,70,NORMAL,261,2026-03-10T15:28:37.028331
260316,2325,0,70,NORMAL,261,2026-03-10T15:28:37.028331
260320,2371,0,70,NORMAL,261,2026-03-10T15:28:37.028331
260324,2306,0,70,NORMAL,261,2026-03-10T15:28:37.028331
260328,2341,0,70,NORMAL,261,2026-03-10T15:28:37.028331
260332,2286,0,70,NORMAL,261,2026-03-10T15:28:37.028331
260336,2240,0,70,NORMAL,261,2026-03-10T15:28:37.028331
260340,2294,0,70,NORMAL,261,2026-03-10T15:28:37.028331
260344,2262,0,70,NORMAL,261,2026-03-10T15:28:37.028331
260348,2215,0,70,NORMAL,261,2026-03-10T15:28:37.028331
260352,2216,0,70,NORMAL,261,2026-03-10T15:28:37.028331
260356,2215,0,70,NORMAL,261,2026-03-10T15:28:37.028331
260360,2205,0,70,NORMAL,261,2026-03-10T15:28:37.028331
260364,2245,0,70,NORMAL,261,2026-03-10T15:28:37.028331
260368,2170,0,70,NORMAL,261,2026-03-10T15:28:37.028331
260372,2174,0,70,NORMAL,261,2026-03-10T15:28:37.028331
260376,2197,0,70,NORMAL,261,2026-03-10T15:28:37.028331
260380,2242,0,70,NORMAL,261,2026-03-10T15:28:37.028331
260384,2151,0,70,NORMAL,261,2026-03-10T15:28:37.028331
260388,2208,0,70,NORMAL,261,2026-03-10T15:28:37.028331
260392,2175,0,70,NORMAL,261,2026-03-10T15:28:37.028331
260396,2141,0,70,NORMAL,261,2026-03-10T15:28:37.028331
260400,2164,0,70,NORMAL,261,2026-03-10T15:28:37.028331
260404,2153,0,70,NORMAL,261,2026-03-10T15:28:37.028331
260408,2113,0,70,NORMAL,261,2026-03-10T15:28:37.028331
260412,2103,0,70,NORMAL,261,2026-03-10T15:28:37.028331
260416,2110,0,70,NORMAL,261,2026-03-10T15:28:37.028331
260420,2147,0,70,NORMAL,261,2026-03-10T15:28:37.028331
260424,2153,0,70,NORMAL,261,2026-03-10T15:28:37.028331
260428,2151,0,70,NORMAL,261,2026-03-10T15:28:37.028331
260432,2080,0,70,NORMAL,261,2026-03-10T15:28:37.028331
260436,2106,0,70,NORMAL,261,2026-03-10T15:28:37.028331
260440,2131,0,70,NORMAL,261,2026-03-10T15:28:37.028331
260444,2070,0,70,NORMAL,261,2026-03-10T15:28:37.028331
260448,2131,0,70,NORMAL,261,2026-03-10T15:28:37.028331
260452,2089,0,70,NORMAL,261,2026-03-10T15:28:37.028331
260456,2103,0,70,NORMAL,261,2026-03-10T15:28:37.028331
260460,2126,0,70,NORMAL,261,2026-03-10T15:28:37.028331
260464,2116,0,70,NORMAL,261,2026-03-10T15:28:37.028331
260468,2080,0,70,NORMAL,261,2026-03-10T15:28:37.028331
260472,2074,0,70,NORMAL,261,2026-03-10T15:28:37.028331
260476,2099,0,70,NORMAL,261,2026-03-10T15:28:37.028331
260480,2067,0,70,NORMAL,261,2026-03-10T15:28:37.028331
260484,2131,0,70,NORMAL,261,2026-03-10T15:28:37.028331
260488,2100,0,70,NORMAL,261,2026-03-10T15:28:37.028331
260492,2093,0,70,NORMAL,261,2026-03-10T15:28:37.028331
260496,2089,0,70,NORMAL,261,2026-03-10T15:28:37.028331
260500,2115,0,70,NORMAL,261,2026-03-10T15:28:37.028331
260504,2108,0,70,NORMAL,261,2026-03-10T15:28:37.028331
260508,2115,0,70,NORMAL,261,2026-03-10T15:28:37.028331
260512,2114,0,70,NORMAL,261,2026-03-10T15:28:37.028331
260516,2137,0,70,NORMAL,261,2026-03-10T15:28:37.028331
260520,2161,0,70,NORMAL,261,2026-03-10T15:28:37.028331
260524,2152,0,70,NORMAL,261,2026-03-10T15:28:37.028331
260528,2186,0,70,NORMAL,261,2026-03-10T15:28:37.028331
260532,2114,0,70,NORMAL,261,2026-03-10T15:28:37.028331
260536,2077,0,70,NORMAL,261,2026-03-10T15:28:37.028331
260540,2136,0,70,NORMAL,261,2026-03-10T15:28:37.028331
260544,2110,0,70,NORMAL,261,2026-03-10T15:28:37.028331
260548,2186,0,70,NORMAL,261,2026-03-10T15:28:37.028331
260552,2140,0,70,NORMAL,261,2026-03-10T15:28:37.028331
260556,2179,0,70,NORMAL,261,2026-03-10T15:28:37.028331
260560,2169,0,70,NORMAL,261,2026-03-10T15:28:37.028331
260564,2205,0,70,NORMAL,261,2026-03-10T15:28:37.028331
260568,2207,0,70,NORMAL,261,2026-03-10T15:28:37.028331
260572,2146,0,70,NORMAL,261,2026-03-10T15:28:37.028331
260576,2197,0,70,NORMAL,261,2026-03-10T15:28:37.028331
260580,2191,0,70,NORMAL,261,2026-03-10T15:28:37.028331
260584,2145,0,70,NORMAL,261,2026-03-10T15:28:37.028331
260588,2191,0,70,NORMAL,261,2026-03-10T15:28:37.028331
260592,2202,0,70,NORMAL,261,2026-03-10T15:28:37.028331
260596,2261,0,70,NORMAL,261,2026-03-10T15:28:37.028331
260600,2305,0,70,NORMAL,261,2026-03-10T15:28:37.028331
260604,2259,0,70,NORMAL,261,2026-03-10T15:28:37.028331
260608,2269,0,70,NORMAL,261,2026-03-10T15:28:37.028331
260612,2278,0,70,NORMAL,261,2026-03-10T15:28:37.028331
260616,2259,0,70,NORMAL,261,2026-03-10T15:28:37.028331
260620,2337,0,70,NORMAL,261,2026-03-10T15:28:37.028331
260624,2298,0,70,NORMAL,261,2026-03-10T15:28:37.028331
260628,2375,0,70,NORMAL,261,2026-03-10T15:28:37.028331
260632,2334,0,70,NORMAL,261,2026-03-10T15:28:37.028331
260636,2359,0,70,NORMAL,261,2026-03-10T15:28:37.028331
260640,2354,0,70,NORMAL,261,2026-03-10T15:28:37.028331
260644,2425,0,70,NORMAL,261,2026-03-10T15:28:37.028331
260648,2369,0,70,NORMAL,261,2026-03-10T15:28:37.028331
260652,2400,0,70,NORMAL,261,2026-03-10T15:28:37.028331
260656,2406,0,70,NORMAL,261,2026-03-10T15:28:37.028331
260660,2436,0,70,NORMAL,261,2026-03-10T15:28:37.028331
260664,2458,0,70,NORMAL,261,2026-03-10T15:28:37.028331
260668,2416,0,70,NORMAL,261,2026-03-10T15:28:37.028331
260672,2429,0,70,NORMAL,261,2026-03-10T15:28:37.028331
260676,2429,0,70,NORMAL,261,2026-03-10T15:28:37.028331
260680,2467,0,70,NORMAL,261,2026-03-10T15:28:37.028331
260684,2499,0,70,NORMAL,261,2026-03-10T15:28:37.028331
260688,2467,0,70,NORMAL,261,2026-03-10T15:28:37.028331
260692,2514,0,70,NORMAL,261,2026-03-10T15:28:37.028331
260696,2465,0,70,NORMAL,261,2026-03-10T15:28:37.028331
260700,2536,0,70,NORMAL,261,2026-03-10T15:28:37.028331
260704,2463,0,70,NORMAL,261,2026-03-10T15:28:37.028331
260708,2534,0,70,NORMAL,261,2026-03-10T15:28:37.028331
260712,2483,0,70,NORMAL,261,2026-03-10T15:28:37.028331
260716,2478,0,70,NORMAL,261,2026-03-10T15:28:37.028331
260720,2568,0,70,NORMAL,261,2026-03-10T15:28:37.028331
260724,2531,0,70,NORMAL,261,2026-03-10T15:28:37.028331
260728,2564,0,70,NORMAL,261,2026-03-10T15:28:37.028331
260732,2539,0,70,NORMAL,261,2026-03-10T15:28:37.028331
260736,2485,0,70,NORMAL,261,2026-03-10T15:28:37.028331
260740,2503,0,70,NORMAL,261,2026-03-10T15:28:37.028331
260744,2596,0,70,NORMAL,261,2026-03-10T15:28:37.028331
260748,2589,0,70,NORMAL,261,2026-03-10T15:28:37.028331
260752,2628,0,70,NORMAL,261,2026-03-10T15:28:37.028331
260756,2569,0,70,NORMAL,261,2026-03-10T15:28:37.028331
260760,2611,0,70,NORMAL,261,2026-03-10T15:28:37.028331
260764,2668,0,70,NORMAL,261,2026-03-10T15:28:37.028331
260768,2657,0,70,NORMAL,261,2026-03-10T15:28:37.028331
260772,2665,0,70,NORMAL,261,2026-03-10T15:28:37.028331
260776,2692,0,70,NORMAL,261,2026-03-10T15:28:37.028331
260780,2779,0,70,NORMAL,261,2026-03-10T15:28:37.028331
260784,2839,0,70,NORMAL,261,2026-03-10T15:28:37.028331
260788,2831,0,70,NORMAL,261,2026-03-10T15:28:37.028331
260792,2941,0,70,NORMAL,261,2026-03-10T15:28:37.028331
260796,2920,0,70,NORMAL,261,2026-03-10T15:28:37.028331
260800,3043,0,70,NORMAL,261,2026-03-10T15:28:37.028331
260804,3062,0,70,NORMAL,261,2026-03-10T15:28:37.028331
260808,3184,0,70,NORMAL,261,2026-03-10T15:28:37.028331
260812,3205,0,70,NORMAL,261,2026-03-10T15:28:37.028331
260816,3254,0,70,NORMAL,261,2026-03-10T15:28:37.028331
260820,3367,0,70,NORMAL,261,2026-03-10T15:28:37.028331
260824,3416,0,70,NORMAL,261,2026-03-10T15:28:37.028331
260828,3456,0,70,NORMAL,261,2026-03-10T15:28:37.028331
260832,3480,0,70,NORMAL,261,2026-03-10T15:28:37.028331
260836,3561,0,70,NORMAL,261,2026-03-10T15:28:37.028331
260840,3617,0,70,NORMAL,261,2026-03-10T15:28:37.028331
260844,3648,0,70,NORMAL,261,2026-03-10T15:28:37.028331
260848,3671,0,70,NORMAL,261,2026-03-10T15:28:37.028331
260852,3663,0,70,NORMAL,261,2026-03-10T15:28:37.028331
260856,3732,0,70,NORMAL,261,2026-03-10T15:28:37.028331
260860,3714,0,70,NORMAL,261,2026-03-10T15:28:37.028331
260864,3744,0,70,NORMAL,261,2026-03-10T15:28:37.028331
260868,3732,0,70,NORMAL,261,2026-03-10T15:28:37.028331
260872,3750,0,70,NORMAL,261,2026-03-10T15:28:37.028331
260876,3716,0,70,NORMAL,261,2026-03-10T15:28:37.028331
260880,3681,0,70,NORMAL,261,2026-03-10T15:28:37.028331
260884,3643,0,70,NORMAL,261,2026-03-10T15:28:37.028331
260888,3586,0,70,NORMAL,261,2026-03-10T15:28:37.028331
260892,3436,0,70,NORMAL,261,2026-03-10T15:28:37.028331
260896,3458,0,70,NORMAL,261,2026-03-10T15:28:37.028331
260900,3450,0,70,NORMAL,261,2026-03-10T15:28:37.028331
260904,3342,0,70,NORMAL,261,2026-03-10T15:28:37.028331
260908,3236,0,70,NORMAL,261,2026-03-10T15:28:37.028331
260912,3184,0,70,NORMAL,261,2026-03-10T15:28:37.028331
260916,3094,0,70,NORMAL,261,2026-03-10T15:28:37.028331
260920,3083,0,70,NORMAL,261,2026-03-10T15:28:37.028331
260924,3035,0,70,NORMAL,261,2026-03-10T15:28:37.028331
260928,3011,0,70,NORMAL,261,2026-03-10T15:28:37.028331
260932,2900,0,70,NORMAL,261,2026-03-10T15:28:37.028331
260936,2858,0,70,NORMAL,261,2026-03-10T15:28:37.028331
260940,2820,0,70,NORMAL,261,2026-03-10T15:28:37.028331
260944,2820,0,70,NORMAL,261,2026-03-10T15:28:37.028331
260948,2689,0,70,NORMAL,261,2026-03-10T15:28:37.028331
260952,2699,0,70,NORMAL,261,2026-03-10T15:28:37.028331
260956,2642,0,70,NORMAL,261,2026-03-10T15:28:37.028331
260960,2637,0,70,NORMAL,261,2026-03-10T15:28:37.028331
260964,2652,0,70,NORMAL,261,2026-03-10T15:28:37.028331
260968,2612,0,70,NORMAL,261,2026-03-10T15:28:37.028331
260972,2567,0,70,NORMAL,261,2026-03-10T15:28:37.028331
260976,2610,0,70,NORMAL,261,2026-03-10T15:28:37.028331
260980,2603,0,70,NORMAL,261,2026-03-10T15:28:37.028331
260984,2550,0,70,NORMAL,261,2026-03-10T15:28:37.028331
260988,2531,0,70,NORMAL,261,2026-03-10T15:28:37.028331
260992,2501,0,70,NORMAL,261,2026-03-10T15:28:37.028331
260996,2587,0,70,NORMAL,261,2026-03-10T15:28:37.028331
261000,3750,0,70,NORMAL,262,2026-03-10T15:28:37.136368
261004,3648,0,70,NORMAL,262,2026-03-10T15:28:37.136368
261008,3687,0,70,NORMAL,262,2026-03-10T15:28:37.136368
261012,3586,0,70,NORMAL,262,2026-03-10T15:28:37.136368
261016,3618,0,70,NORMAL,262,2026-03-10T15:28:37.136368
261020,3562,0,70,NORMAL,262,2026-03-10T15:28:37.136368
261024,3574,0,70,NORMAL,262,2026-03-10T15:28:37.136368
261028,3469,0,70,NORMAL,262,2026-03-10T15:28:37.136368
261032,3420,0,70,NORMAL,262,2026-03-10T15:28:37.136368
261036,3291,0,70,NORMAL,262,2026-03-10T15:28:37.136368
261040,3279,0,70,NORMAL,262,2026-03-10T15:28:37.136368
261044,3284,0,70,NORMAL,262,2026-03-10T15:28:37.136368
261048,3223,0,70,NORMAL,262,2026-03-10T15:28:37.136368
261052,3137,0,70,NORMAL,262,2026-03-10T15:28:37.136368
261056,3030,0,70,NORMAL,262,2026-03-10T15:28:37.136368
261060,2949,0,70,NORMAL,262,2026-03-10T15:28:37.136368
261064,2955,0,70,NORMAL,262,2026-03-10T15:28:37.136368
261068,2872,0,70,NORMAL,262,2026-03-10T15:28:37.136368
261072,2808,0,70,NORMAL,262,2026-03-10T15:28:37.136368
261076,2813,0,70,NORMAL,262,2026-03-10T15:28:37.136368
261080,2757,0,70,NORMAL,262,2026-03-10T15:28:37.136368
261084,2698,0,70,NORMAL,262,2026-03-10T15:28:37.136368
261088,2673,0,70,NORMAL,262,2026-03-10T15:28:37.136368
261092,2605,0,70,NORMAL,262,2026-03-10T15:28:37.136368
261096,2594,0,70,NORMAL,262,2026-03-10T15:28:37.136368
261100,2602,0,70,NORMAL,262,2026-03-10T15:28:37.136368
261104,2576,0,70,NORMAL,262,2026-03-10T15:28:37.136368
261108,2572,0,70,NORMAL,262,2026-03-10T15:28:37.136368
261112,2570,0,70,NORMAL,262,2026-03-10T15:28:37.136368
261116,2499,0,70,NORMAL,262,2026-03-10T15:28:37.136368
261120,2527,0,70,NORMAL,262,2026-03-10T15:28:37.136368
261124,2551,0,70,NORMAL,262,2026-03-10T15:28:37.136368
261128,2509,0,70,NORMAL,262,2026-03-10T15:28:37.136368
261132,2493,0,70,NORMAL,262,2026-03-10T15:28:37.136368
261136,2513,0,70,NORMAL,262,2026-03-10T15:28:37.136368
261140,2534,0,70,NORMAL,262,2026-03-10T15:28:37.136368
261144,2543,0,70,NORMAL,262,2026-03-10T15:28:37.136368
261148,2546,0,70,NORMAL,262,2026-03-10T15:28:37.136368
261152,2547,0,70,NORMAL,262,2026-03-10T15:28:37.136368
261156,2531,0,70,NORMAL,262,2026-03-10T15:28:37.136368
261160,2568,0,70,NORMAL,262,2026-03-10T15:28:37.136368
261164,2587,0,70,NORMAL,262,2026-03-10T15:28:37.136368
261168,2582,0,70,NORMAL,262,2026-03-10T15:28:37.136368
261172,2593,0,70,NORMAL,262,2026-03-10T15:28:37.136368
261176,2599,0,70,NORMAL,262,2026-03-10T15:28:37.136368
261180,2581,0,70,NORMAL,262,2026-03-10T15:28:37.136368
261184,2580,0,70,NORMAL,262,2026-03-10T15:28:37.136368
261188,2591,0,70,NORMAL,262,2026-03-10T15:28:37.136368
261192,2577,0,70,NORMAL,262,2026-03-10T15:28:37.136368
261196,2616,0,70,NORMAL,262,2026-03-10T15:28:37.136368
261200,2610,0,70,NORMAL,262,2026-03-10T15:28:37.136368
261204,2650,0,70,NORMAL,262,2026-03-10T15:28:37.136368
261208,2595,0,70,NORMAL,262,2026-03-10T15:28:37.136368
261212,2601,0,70,NORMAL,262,2026-03-10T15:28:37.136368
261216,2656,0,70,NORMAL,262,2026-03-10T15:28:37.136368
261220,2614,0,70,NORMAL,262,2026-03-10T15:28:37.136368
261224,2630,0,70,NORMAL,262,2026-03-10T15:28:37.136368
261228,2637,0,70,NORMAL,262,2026-03-10T15:28:37.136368
261232,2555,0,70,NORMAL,262,2026-03-10T15:28:37.136368
261236,2519,0,70,NORMAL,262,2026-03-10T15:28:37.136368
261240,2570,0,70,NORMAL,262,2026-03-10T15:28:37.136368
261244,2529,0,70,NORMAL,262,2026-03-10T15:28:37.136368
261248,2565,0,70,NORMAL,262,2026-03-10T15:28:37.136368
261252,2481,0,70,NORMAL,262,2026-03-10T15:28:37.136368
261256,2458,0,70,NORMAL,262,2026-03-10T15:28:37.136368
261260,2460,0,70,NORMAL,262,2026-03-10T15:28:37.136368
261264,2525,0,70,NORMAL,262,2026-03-10T15:28:37.136368
261268,2515,0,70,NORMAL,262,2026-03-10T15:28:37.136368
261272,2393,0,70,NORMAL,262,2026-03-10T15:28:37.136368
261276,2384,0,70,NORMAL,262,2026-03-10T15:28:37.136368
261280,2399,0,70,NORMAL,262,2026-03-10T15:28:37.136368
261284,2441,0,70,NORMAL,262,2026-03-10T15:28:37.136368
261288,2387,0,70,NORMAL,262,2026-03-10T15:28:37.136368
261292,2383,0,70,NORMAL,262,2026-03-10T15:28:37.136368
261296,2382,0,70,NORMAL,262,2026-03-10T15:28:37.136368
261300,2441,0,70,NORMAL,262,2026-03-10T15:28:37.136368
261304,2402,0,70,NORMAL,262,2026-03-10T15:28:37.136368
261308,2386,0,70,NORMAL,262,2026-03-10T15:28:37.136368
261312,2344,0,70,NORMAL,262,2026-03-10T15:28:37.136368
261316,2376,0,70,NORMAL,262,2026-03-10T15:28:37.136368
261320,2298,0,70,NORMAL,262,2026-03-10T15:28:37.136368
261324,2300,0,70,NORMAL,262,2026-03-10T15:28:37.136368
261328,2318,0,70,NORMAL,262,2026-03-10T15:28:37.136368
261332,2299,0,70,NORMAL,262,2026-03-10T15:28:37.136368
261336,2264,0,70,NORMAL,262,2026-03-10T15:28:37.136368
261340,2243,0,70,NORMAL,262,2026-03-10T15:28:37.136368
261344,2318,0,70,NORMAL,262,2026-03-10T15:28:37.136368
261348,2252,0,70,NORMAL,262,2026-03-10T15:28:37.136368
261352,2278,0,70,NORMAL,262,2026-03-10T15:28:37.136368
261356,2218,0,70,NORMAL,262,2026-03-10T15:28:37.136368
261360,2221,0,70,NORMAL,262,2026-03-10T15:28:37.136368
261364,2229,0,70,NORMAL,262,2026-03-10T15:28:37.136368
261368,2187,0,70,NORMAL,262,2026-03-10T15:28:37.136368
261372,2196,0,70,NORMAL,262,2026-03-10T15:28:37.136368
261376,2163,0,70,NORMAL,262,2026-03-10T15:28:37.136368
261380,2193,0,70,NORMAL,262,2026-03-10T15:28:37.136368
261384,2217,0,70,NORMAL,262,2026-03-10T15:28:37.136368
261388,2180,0,70,NORMAL,262,2026-03-10T15:28:37.136368
261392,2159,0,70,NORMAL,262,2026-03-10T15:28:37.136368
261396,2113,0,70,NORMAL,262,2026-03-10T15:28:37.136368
261400,2168,0,70,NORMAL,262,2026-03-10T15:28:37.136368
261404,2222,0,70,NORMAL,262,2026-03-10T15:28:37.136368
261408,2128,0,70,NORMAL,262,2026-03-10T15:28:37.136368
261412,2116,0,70,NORMAL,262,2026-03-10T15:28:37.136368
261416,2125,0,70,NORMAL,262,2026-03-10T15:28:37.136368
261420,2176,0,70,NORMAL,262,2026-03-10T15:28:37.136368
261424,2133,0,70,NORMAL,262,2026-03-10T15:28:37.136368
261428,2157,0,70,NORMAL,262,2026-03-10T15:28:37.136368
261432,2066,0,70,NORMAL,262,2026-03-10T15:28:37.136368
261436,2099,0,70,NORMAL,262,2026-03-10T15:28:37.136368
261440,2085,0,70,NORMAL,262,2026-03-10T15:28:37.136368
261444,2121,0,70,NORMAL,262,2026-03-10T15:28:37.136368
261448,2155,0,70,NORMAL,262,2026-03-10T15:28:37.136368
261452,2035,0,70,NORMAL,262,2026-03-10T15:28:37.136368
261456,2165,0,70,NORMAL,262,2026-03-10T15:28:37.136368
261460,2156,0,70,NORMAL,262,2026-03-10T15:28:37.136368
261464,2166,0,70,NORMAL,262,2026-03-10T15:28:37.136368
261468,2136,0,70,NORMAL,262,2026-03-10T15:28:37.136368
261472,2099,0,70,NORMAL,262,2026-03-10T15:28:37.136368
261476,2165,0,70,NORMAL,262,2026-03-10T15:28:37.136368
261480,2115,0,70,NORMAL,262,2026-03-10T15:28:37.136368
261484,2141,0,70,NORMAL,262,2026-03-10T15:28:37.136368
261488,2114,0,70,NORMAL,262,2026-03-10T15:28:37.136368
261492,2115,0,70,NORMAL,262,2026-03-10T15:28:37.136368
261496,2108,0,70,NORMAL,262,2026-03-10T15:28:37.136368
261500,2129,0,70,NORMAL,262,2026-03-10T15:28:37.136368
261504,2096,0,70,NORMAL,262,2026-03-10T15:28:37.136368
261508,2115,0,70,NORMAL,262,2026-03-10T15:28:37.136368
261512,2084,0,70,NORMAL,262,2026-03-10T15:28:37.136368
261516,2134,0,70,NORMAL,262,2026-03-10T15:28:37.136368
261520,2123,0,70,NORMAL,262,2026-03-10T15:28:37.136368
261524,2096,0,70,NORMAL,262,2026-03-10T15:28:37.136368
261528,2115,0,70,NORMAL,262,2026-03-10T15:28:37.136368
261532,2115,0,70,NORMAL,262,2026-03-10T15:28:37.136368
261536,2111,0,70,NORMAL,262,2026-03-10T15:28:37.136368
261540,2180,0,70,NORMAL,262,2026-03-10T15:28:37.136368
261544,2131,0,70,NORMAL,262,2026-03-10T15:28:37.136368
261548,2068,0,70,NORMAL,262,2026-03-10T15:28:37.136368
261552,2159,0,70,NORMAL,262,2026-03-10T15:28:37.136368
261556,2144,0,70,NORMAL,262,2026-03-10T15:28:37.136368
261560,2179,0,70,NORMAL,262,2026-03-10T15:28:37.136368
261564,2116,0,70,NORMAL,262,2026-03-10T15:28:37.136368
261568,2147,0,70,NORMAL,262,2026-03-10T15:28:37.136368
261572,2120,0,70,NORMAL,262,2026-03-10T15:28:37.136368
261576,2154,0,70,NORMAL,262,2026-03-10T15:28:37.136368
261580,2199,0,70,NORMAL,262,2026-03-10T15:28:37.136368
261584,2227,0,70,NORMAL,262,2026-03-10T15:28:37.136368
261588,2191,0,70,NORMAL,262,2026-03-10T15:28:37.136368
261592,2178,0,70,NORMAL,262,2026-03-10T15:28:37.136368
261596,2217,0,70,NORMAL,262,2026-03-10T15:28:37.136368
261600,2265,0,70,NORMAL,262,2026-03-10T15:28:37.136368
261604,2250,0,70,NORMAL,262,2026-03-10T15:28:37.136368
261608,2178,0,70,NORMAL,262,2026-03-10T15:28:37.136368
261612,2263,0,70,NORMAL,262,2026-03-10T15:28:37.136368
261616,2228,0,70,NORMAL,262,2026-03-10T15:28:37.136368
261620,2287,0,70,NORMAL,262,2026-03-10T15:28:37.136368
261624,2245,0,70,NORMAL,262,2026-03-10T15:28:37.136368
261628,2315,0,70,NORMAL,262,2026-03-10T15:28:37.136368
261632,2271,0,70,NORMAL,262,2026-03-10T15:28:37.136368
261636,2353,0,70,NORMAL,262,2026-03-10T15:28:37.136368
261640,2337,0,70,NORMAL,262,2026-03-10T15:28:37.136368
261644,2360,0,70,NORMAL,262,2026-03-10T15:28:37.136368
261648,2348,0,70,NORMAL,262,2026-03-10T15:28:37.136368
261652,2314,0,70,NORMAL,262,2026-03-10T15:28:37.136368
261656,2313,0,70,NORMAL,262,2026-03-10T15:28:37.136368
261660,2335,0,70,NORMAL,262,2026-03-10T15:28:37.136368
261664,2403,0,70,NORMAL,262,2026-03-10T15:28:37.136368
261668,2369,0,70,NORMAL,262,2026-03-10T15:28:37.136368
261672,2383,0,70,NORMAL,262,2026-03-10T15:28:37.136368
261676,2419,0,70,NORMAL,262,2026-03-10T15:28:37.136368
261680,2372,0,70,NORMAL,262,2026-03-10T15:28:37.136368
261684,2459,0,70,NORMAL,262,2026-03-10T15:28:37.136368
261688,2485,0,70,NORMAL,262,2026-03-10T15:28:37.136368
261692,2442,0,70,NORMAL,262,2026-03-10T15:28:37.136368
261696,2447,0,70,NORMAL,262,2026-03-10T15:28:37.136368
261700,2486,0,70,NORMAL,262,2026-03-10T15:28:37.136368
261704,2477,0,70,NORMAL,262,2026-03-10T15:28:37.136368
261708,2514,0,70,NORMAL,262,2026-03-10T15:28:37.136368
261712,2526,0,70,NORMAL,262,2026-03-10T15:28:37.136368
261716,2515,0,70,NORMAL,262,2026-03-10T15:28:37.136368
261720,2498,0,70,NORMAL,262,2026-03-10T15:28:37.136368
261724,2491,0,70,NORMAL,262,2026-03-10T15:28:37.136368
261728,2465,0,70,NORMAL,262,2026-03-10T15:28:37.136368
261732,2526,0,70,NORMAL,262,2026-03-10T15:28:37.136368
261736,2509,0,70,NORMAL,262,2026-03-10T15:28:37.136368
261740,2487,0,70,NORMAL,262,2026-03-10T15:28:37.136368
261744,2512,0,70,NORMAL,262,2026-03-10T15:28:37.136368
261748,2490,0,70,NORMAL,262,2026-03-10T15:28:37.136368
261752,2515,0,70,NORMAL,262,2026-03-10T15:28:37.136368
261756,2540,0,70,NORMAL,262,2026-03-10T15:28:37.136368
261760,2570,0,70,NORMAL,262,2026-03-10T15:28:37.136368
261764,2627,0,70,NORMAL,262,2026-03-10T15:28:37.136368
261768,2588,0,70,NORMAL,262,2026-03-10T15:28:37.136368
261772,2658,0,70,NORMAL,262,2026-03-10T15:28:37.136368
261776,2649,0,70,NORMAL,262,2026-03-10T15:28:37.136368
261780,2687,0,70,NORMAL,262,2026-03-10T15:28:37.136368
261784,2722,0,70,NORMAL,262,2026-03-10T15:28:37.136368
261788,2750,0,70,NORMAL,262,2026-03-10T15:28:37.136368
261792,2785,0,70,NORMAL,262,2026-03-10T15:28:37.136368
261796,2814,0,70,NORMAL,262,2026-03-10T15:28:37.136368
261800,2916,0,70,NORMAL,262,2026-03-10T15:28:37.136368
261804,2949,0,70,NORMAL,262,2026-03-10T15:28:37.136368
261808,3028,0,70,NORMAL,262,2026-03-10T15:28:37.136368
261812,3052,0,70,NORMAL,262,2026-03-10T15:28:37.136368
261816,3199,0,70,NORMAL,262,2026-03-10T15:28:37.136368
261820,3202,0,70,NORMAL,262,2026-03-10T15:28:37.136368
261824,3292,0,70,NORMAL,262,2026-03-10T15:28:37.136368
261828,3348,0,70,NORMAL,262,2026-03-10T15:28:37.136368
261832,3389,0,70,NORMAL,262,2026-03-10T15:28:37.136368
261836,3449,0,70,NORMAL,262,2026-03-10T15:28:37.136368
261840,3531,0,70,NORMAL,262,2026-03-10T15:28:37.136368
261844,3605,0,70,NORMAL,262,2026-03-10T15:28:37.136368
261848,3616,0,70,NORMAL,262,2026-03-10T15:28:37.136368
261852,3637,0,70,NORMAL,262,2026-03-10T15:28:37.136368
261856,3693,0,70,NORMAL,262,2026-03-10T15:28:37.136368
261860,3674,0,70,NORMAL,262,2026-03-10T15:28:37.136368
261864,3746,0,70,NORMAL,262,2026-03-10T15:28:37.136368
261868,3754,0,70,NORMAL,262,2026-03-10T15:28:37.136368
261872,3762,0,70,NORMAL,262,2026-03-10T15:28:37.136368
261876,3707,0,70,NORMAL,262,2026-03-10T15:28:37.136368
261880,3720,0,70,NORMAL,262,2026-03-10T15:28:37.136368
261884,3767,0,70,NORMAL,262,2026-03-10T15:28:37.136368
261888,3681,0,70,NORMAL,262,2026-03-10T15:28:37.136368
261892,3636,0,70,NORMAL,262,2026-03-10T15:28:37.136368
261896,3544,0,70,NORMAL,262,2026-03-10T15:28:37.136368
261900,3549,0,70,NORMAL,262,2026-03-10T15:28:37.136368
261904,3494,0,70,NORMAL,262,2026-03-10T15:28:37.136368
261908,3397,0,70,NORMAL,262,2026-03-10T15:28:37.136368
261912,3298,0,70,NORMAL,262,2026-03-10T15:28:37.136368
261916,3268,0,70,NORMAL,262,2026-03-10T15:28:37.136368
261920,3201,0,70,NORMAL,262,2026-03-10T15:28:37.136368
261924,3116,0,70,NORMAL,262,2026-03-10T15:28:37.136368
261928,3118,0,70,NORMAL,262,2026-03-10T15:28:37.136368
261932,3025,0,70,NORMAL,262,2026-03-10T15:28:37.136368
261936,2961,0,70,NORMAL,262,2026-03-10T15:28:37.136368
261940,2917,0,70,NORMAL,262,2026-03-10T15:28:37.136368
261944,2880,0,70,NORMAL,262,2026-03-10T15:28:37.136368
261948,2740,0,70,NORMAL,262,2026-03-10T15:28:37.136368
261952,2802,0,70,NORMAL,262,2026-03-10T15:28:37.136368
261956,2708,0,70,NORMAL,262,2026-03-10T15:28:37.136368
261960,2726,0,70,NORMAL,262,2026-03-10T15:28:37.136368
261964,2662,0,70,NORMAL,262,2026-03-10T15:28:37.136368
261968,2689,0,70,NORMAL,262,2026-03-10T15:28:37.136368
261972,2602,0,70,NORMAL,262,2026-03-10T15:28:37.136368
261976,2591,0,70,NORMAL,262,2026-03-10T15:28:37.136368
261980,2611,0,70,NORMAL,262,2026-03-10T15:28:37.136368
261984,2638,0,70,NORMAL,262,2026-03-10T15:28:37.136368
261988,2614,0,70,NORMAL,262,2026-03-10T15:28:37.136368
261992,2494,0,70,NORMAL,262,2026-03-10T15:28:37.136368
261996,2545,0,70,NORMAL,262,2026-03-10T15:28:37.136368
262000,3665,0,70,NORMAL,263,2026-03-10T15:28:37.251630
262004,3723,0,70,NORMAL,263,2026-03-10T15:28:37.251630
262008,3704,0,70,NORMAL,263,2026-03-10T15:28:37.251630
262012,3633,0,70,NORMAL,263,2026-03-10T15:28:37.251630
262016,3594,0,70,NORMAL,263,2026-03-10T15:28:37.251630
262020,3569,0,70,NORMAL,263,2026-03-10T15:28:37.251630
262024,3528,0,70,NORMAL,263,2026-03-10T15:28:37.251630
262028,3498,0,70,NORMAL,263,2026-03-10T15:28:37.251630
262032,3385,0,70,NORMAL,263,2026-03-10T15:28:37.251630
262036,3382,0,70,NORMAL,263,2026-03-10T15:28:37.251630
262040,3241,0,70,NORMAL,263,2026-03-10T15:28:37.251630
262044,3246,0,70,NORMAL,263,2026-03-10T15:28:37.251630
262048,3199,0,70,NORMAL,263,2026-03-10T15:28:37.251630
262052,3127,0,70,NORMAL,263,2026-03-10T15:28:37.251630
262056,3021,0,70,NORMAL,263,2026-03-10T15:28:37.251630
262060,3045,0,70,NORMAL,263,2026-03-10T15:28:37.251630
262064,2969,0,70,NORMAL,263,2026-03-10T15:28:37.251630
262068,2854,0,70,NORMAL,263,2026-03-10T15:28:37.251630
262072,2825,0,70,NORMAL,263,2026-03-10T15:28:37.251630
262076,2777,0,70,NORMAL,263,2026-03-10T15:28:37.251630
262080,2710,0,70,NORMAL,263,2026-03-10T15:28:37.251630
262084,2708,0,70,NORMAL,263,2026-03-10T15:28:37.251630
262088,2682,0,70,NORMAL,263,2026-03-10T15:28:37.251630
262092,2648,0,70,NORMAL,263,2026-03-10T15:28:37.251630
262096,2554,0,70,NORMAL,263,2026-03-10T15:28:37.251630
262100,2528,0,70,NORMAL,263,2026-03-10T15:28:37.251630
262104,2581,0,70,NORMAL,263,2026-03-10T15:28:37.251630
262108,2562,0,70,NORMAL,263,2026-03-10T15:28:37.251630
262112,2544,0,70,NORMAL,263,2026-03-10T15:28:37.251630
262116,2553,0,70,NORMAL,263,2026-03-10T15:28:37.251630
262120,2559,0,70,NORMAL,263,2026-03-10T15:28:37.251630
262124,2556,0,70,NORMAL,263,2026-03-10T15:28:37.251630
262128,2518,0,70,NORMAL,263,2026-03-10T15:28:37.251630
262132,2518,0,70,NORMAL,263,2026-03-10T15:28:37.251630
262136,2506,0,70,NORMAL,263,2026-03-10T15:28:37.251630
262140,2521,0,70,NORMAL,263,2026-03-10T15:28:37.251630
262144,2544,0,70,NORMAL,263,2026-03-10T15:28:37.251630
262148,2574,0,70,NORMAL,263,2026-03-10T15:28:37.251630
262152,2587,0,70,NORMAL,263,2026-03-10T15:28:37.251630
262156,2559,0,70,NORMAL,263,2026-03-10T15:28:37.251630
262160,2563,0,70,NORMAL,263,2026-03-10T15:28:37.251630
262164,2532,0,70,NORMAL,263,2026-03-10T15:28:37.251630
262168,2579,0,70,NORMAL,263,2026-03-10T15:28:37.251630
262172,2535,0,70,NORMAL,263,2026-03-10T15:28:37.251630
262176,2546,0,70,NORMAL,263,2026-03-10T15:28:37.251630
262180,2580,0,70,NORMAL,263,2026-03-10T15:28:37.251630
262184,2597,0,70,NORMAL,263,2026-03-10T15:28:37.251630
262188,2553,0,70,NORMAL,263,2026-03-10T15:28:37.251630
262192,2628,0,70,NORMAL,263,2026-03-10T15:28:37.251630
262196,2588,0,70,NORMAL,263,2026-03-10T15:28:37.251630
262200,2600,0,70,NORMAL,263,2026-03-10T15:28:37.251630
262204,2627,0,70,NORMAL,263,2026-03-10T15:28:37.251630
262208,2587,0,70,NORMAL,263,2026-03-10T15:28:37.251630
262212,2587,0,70,NORMAL,263,2026-03-10T15:28:37.251630
262216,2610,0,70,NORMAL,263,2026-03-10T15:28:37.251630
262220,2596,0,70,NORMAL,263,2026-03-10T15:28:37.251630
262224,2595,0,70,NORMAL,263,2026-03-10T15:28:37.251630
262228,2583,0,70,NORMAL,263,2026-03-10T15:28:37.251630
262232,2578,0,70,NORMAL,263,2026-03-10T15:28:37.251630
262236,2601,0,70,NORMAL,263,2026-03-10T15:28:37.251630
262240,2564,0,70,NORMAL,263,2026-03-10T15:28:37.251630
262244,2542,0,70,NORMAL,263,2026-03-10T15:28:37.251630
262248,2530,0,70,NORMAL,263,2026-03-10T15:28:37.251630
262252,2514,0,70,NORMAL,263,2026-03-10T15:28:37.251630
262256,2500,0,70,NORMAL,263,2026-03-10T15:28:37.251630
262260,2498,0,70,NORMAL,263,2026-03-10T15:28:37.251630
262264,2448,0,70,NORMAL,263,2026-03-10T15:28:37.251630
262268,2502,0,70,NORMAL,263,2026-03-10T15:28:37.251630
262272,2437,0,70,NORMAL,263,2026-03-10T15:28:37.251630
262276,2447,0,70,NORMAL,263,2026-03-10T15:28:37.251630
262280,2477,0,70,NORMAL,263,2026-03-10T15:28:37.251630
262284,2432,0,70,NORMAL,263,2026-03-10T15:28:37.251630
262288,2412,0,70,NORMAL,263,2026-03-10T15:28:37.251630
262292,2344,0,70,NORMAL,263,2026-03-10T15:28:37.251630
262296,2426,0,70,NORMAL,263,2026-03-10T15:28:37.251630
262300,2417,0,70,NORMAL,263,2026-03-10T15:28:37.251630
262304,2396,0,70,NORMAL,263,2026-03-10T15:28:37.251630
262308,2402,0,70,NORMAL,263,2026-03-10T15:28:37.251630
262312,2300,0,70,NORMAL,263,2026-03-10T15:28:37.251630
262316,2323,0,70,NORMAL,263,2026-03-10T15:28:37.251630
262320,2318,0,70,NORMAL,263,2026-03-10T15:28:37.251630
262324,2370,0,70,NORMAL,263,2026-03-10T15:28:37.251630
262328,2270,0,70,NORMAL,263,2026-03-10T15:28:37.251630
262332,2282,0,70,NORMAL,263,2026-03-10T15:28:37.251630
262336,2313,0,70,NORMAL,263,2026-03-10T15:28:37.251630
262340,2266,0,70,NORMAL,263,2026-03-10T15:28:37.251630
262344,2282,0,70,NORMAL,263,2026-03-10T15:28:37.251630
262348,2229,0,70,NORMAL,263,2026-03-10T15:28:37.251630
262352,2187,0,70,NORMAL,263,2026-03-10T15:28:37.251630
262356,2184,0,70,NORMAL,263,2026-03-10T15:28:37.251630
262360,2243,0,70,NORMAL,263,2026-03-10T15:28:37.251630
262364,2240,0,70,NORMAL,263,2026-03-10T15:28:37.251630
262368,2176,0,70,NORMAL,263,2026-03-10T15:28:37.251630
262372,2150,0,70,NORMAL,263,2026-03-10T15:28:37.251630
262376,2185,0,70,NORMAL,263,2026-03-10T15:28:37.251630
262380,2177,0,70,NORMAL,263,2026-03-10T15:28:37.251630
262384,2203,0,70,NORMAL,263,2026-03-10T15:28:37.251630
262388,2166,0,70,NORMAL,263,2026-03-10T15:28:37.251630
262392,2165,0,70,NORMAL,263,2026-03-10T15:28:37.251630
262396,2102,0,70,NORMAL,263,2026-03-10T15:28:37.251630
262400,2202,0,70,NORMAL,263,2026-03-10T15:28:37.251630
262404,2166,0,70,NORMAL,263,2026-03-10T15:28:37.251630
262408,2166,0,70,NORMAL,263,2026-03-10T15:28:37.251630
262412,2172,0,70,NORMAL,263,2026-03-10T15:28:37.251630
262416,2129,0,70,NORMAL,263,2026-03-10T15:28:37.251630
262420,2187,0,70,NORMAL,263,2026-03-10T15:28:37.251630
262424,2092,0,70,NORMAL,263,2026-03-10T15:28:37.251630
262428,2091,0,70,NORMAL,263,2026-03-10T15:28:37.251630
262432,2152,0,70,NORMAL,263,2026-03-10T15:28:37.251630
262436,2059,0,70,NORMAL,263,2026-03-10T15:28:37.251630
262440,2121,0,70,NORMAL,263,2026-03-10T15:28:37.251630
262444,2148,0,70,NORMAL,263,2026-03-10T15:28:37.251630
262448,2093,0,70,NORMAL,263,2026-03-10T15:28:37.251630
262452,2123,0,70,NORMAL,263,2026-03-10T15:28:37.251630
262456,2132,0,70,NORMAL,263,2026-03-10T15:28:37.251630
262460,2168,0,70,NORMAL,263,2026-03-10T15:28:37.251630
262464,2138,0,70,NORMAL,263,2026-03-10T15:28:37.251630
262468,2108,0,70,NORMAL,263,2026-03-10T15:28:37.251630
262472,2143,0,70,NORMAL,263,2026-03-10T15:28:37.251630
262476,2125,0,70,NORMAL,263,2026-03-10T15:28:37.251630
262480,2156,0,70,NORMAL,263,2026-03-10T15:28:37.251630
262484,2135,0,70,NORMAL,263,2026-03-10T15:28:37.251630
262488,2171,0,70,NORMAL,263,2026-03-10T15:28:37.251630
262492,2134,0,70,NORMAL,263,2026-03-10T15:28:37.251630
262496,2139,0,70,NORMAL,263,2026-03-10T15:28:37.251630
262500,2131,0,70,NORMAL,263,2026-03-10T15:28:37.251630
262504,2181,0,70,NORMAL,263,2026-03-10T15:28:37.251630
262508,2165,0,70,NORMAL,263,2026-03-10T15:28:37.251630
262512,2095,0,70,NORMAL,263,2026-03-10T15:28:37.251630
262516,2152,0,70,NORMAL,263,2026-03-10T15:28:37.251630
262520,2147,0,70,NORMAL,263,2026-03-10T15:28:37.251630
262524,2222,0,70,NORMAL,263,2026-03-10T15:28:37.251630
262528,2130,0,70,NORMAL,263,2026-03-10T15:28:37.251630
262532,2197,0,70,NORMAL,263,2026-03-10T15:28:37.251630
262536,2224,0,70,NORMAL,263,2026-03-10T15:28:37.251630
262540,2170,0,70,NORMAL,263,2026-03-10T15:28:37.251630
262544,2203,0,70,NORMAL,263,2026-03-10T15:28:37.251630
262548,2226,0,70,NORMAL,263,2026-03-10T15:28:37.251630
262552,2187,0,70,NORMAL,263,2026-03-10T15:28:37.251630
262556,2255,0,70,NORMAL,263,2026-03-10T15:28:37.251630
262560,2250,0,70,NORMAL,263,2026-03-10T15:28:37.251630
262564,2270,0,70,NORMAL,263,2026-03-10T15:28:37.251630
262568,2281,0,70,NORMAL,263,2026-03-10T15:28:37.251630
262572,2271,0,70,NORMAL,263,2026-03-10T15:28:37.251630
262576,2288,0,70,NORMAL,263,2026-03-10T15:28:37.251630
262580,2296,0,70,NORMAL,263,2026-03-10T15:28:37.251630
262584,2335,0,70,NORMAL,263,2026-03-10T15:28:37.251630
262588,2296,0,70,NORMAL,263,2026-03-10T15:28:37.251630
262592,2306,0,70,NORMAL,263,2026-03-10T15:28:37.251630
262596,2403,0,70,NORMAL,263,2026-03-10T15:28:37.251630
262600,2387,0,70,NORMAL,263,2026-03-10T15:28:37.251630
262604,2305,0,70,NORMAL,263,2026-03-10T15:28:37.251630
262608,2403,0,70,NORMAL,263,2026-03-10T15:28:37.251630
262612,2360,0,70,NORMAL,263,2026-03-10T15:28:37.251630
262616,2420,0,70,NORMAL,263,2026-03-10T15:28:37.251630
262620,2387,0,70,NORMAL,263,2026-03-10T15:28:37.251630
262624,2420,0,70,NORMAL,263,2026-03-10T15:28:37.251630
262628,2392,0,70,NORMAL,263,2026-03-10T15:28:37.251630
262632,2452,0,70,NORMAL,263,2026-03-10T15:28:37.251630
262636,2418,0,70,NORMAL,263,2026-03-10T15:28:37.251630
262640,2450,0,70,NORMAL,263,2026-03-10T15:28:37.251630
262644,2510,0,70,NORMAL,263,2026-03-10T15:28:37.251630
262648,2485,0,70,NORMAL,263,2026-03-10T15:28:37.251630
262652,2459,0,70,NORMAL,263,2026-03-10T15:28:37.251630
262656,2447,0,70,NORMAL,263,2026-03-10T15:28:37.251630
262660,2527,0,70,NORMAL,263,2026-03-10T15:28:37.251630
262664,2511,0,70,NORMAL,263,2026-03-10T15:28:37.251630
262668,2476,0,70,NORMAL,263,2026-03-10T15:28:37.251630
262672,2460,0,70,NORMAL,263,2026-03-10T15:28:37.251630
262676,2502,0,70,NORMAL,263,2026-03-10T15:28:37.251630
262680,2491,0,70,NORMAL,263,2026-03-10T15:28:37.251630
262684,2542,0,70,NORMAL,263,2026-03-10T15:28:37.251630
262688,2537,0,70,NORMAL,263,2026-03-10T15:28:37.251630
262692,2527,0,70,NORMAL,263,2026-03-10T15:28:37.251630
262696,2566,0,70,NORMAL,263,2026-03-10T15:28:37.251630
262700,2525,0,70,NORMAL,263,2026-03-10T15:28:37.251630
262704,2568,0,70,NORMAL,263,2026-03-10T15:28:37.251630
262708,2600,0,70,NORMAL,263,2026-03-10T15:28:37.251630
262712,2611,0,70,NORMAL,263,2026-03-10T15:28:37.251630
262716,2603,0,70,NORMAL,263,2026-03-10T15:28:37.251630
262720,2586,0,70,NORMAL,263,2026-03-10T15:28:37.251630
262724,2659,0,70,NORMAL,263,2026-03-10T15:28:37.251630
262728,2705,0,70,NORMAL,263,2026-03-10T15:28:37.251630
262732,2722,0,70,NORMAL,263,2026-03-10T15:28:37.251630
262736,2723,0,70,NORMAL,263,2026-03-10T15:28:37.251630
262740,2813,0,70,NORMAL,263,2026-03-10T15:28:37.251630
262744,2861,0,70,NORMAL,263,2026-03-10T15:28:37.251630
262748,2926,0,70,NORMAL,263,2026-03-10T15:28:37.251630
262752,2924,0,70,NORMAL,263,2026-03-10T15:28:37.251630
262756,3075,0,70,NORMAL,263,2026-03-10T15:28:37.251630
262760,3125,0,70,NORMAL,263,2026-03-10T15:28:37.251630
262764,3182,0,70,NORMAL,263,2026-03-10T15:28:37.251630
262768,3216,0,70,NORMAL,263,2026-03-10T15:28:37.251630
262772,3219,0,70,NORMAL,263,2026-03-10T15:28:37.251630
262776,3292,0,70,NORMAL,263,2026-03-10T15:28:37.251630
262780,3414,0,70,NORMAL,263,2026-03-10T15:28:37.251630
262784,3450,0,70,NORMAL,263,2026-03-10T15:28:37.251630
262788,3518,0,70,NORMAL,263,2026-03-10T15:28:37.251630
262792,3575,0,70,NORMAL,263,2026-03-10T15:28:37.251630
262796,3598,0,70,NORMAL,263,2026-03-10T15:28:37.251630
262800,3697,0,70,NORMAL,263,2026-03-10T15:28:37.251630
262804,3723,0,70,NORMAL,263,2026-03-10T15:28:37.251630
262808,3774,0,70,NORMAL,263,2026-03-10T15:28:37.251630
262812,3701,0,70,NORMAL,263,2026-03-10T15:28:37.251630
262816,3733,0,70,NORMAL,263,2026-03-10T15:28:37.251630
262820,3783,0,70,NORMAL,263,2026-03-10T15:28:37.251630
262824,3742,0,70,NORMAL,263,2026-03-10T15:28:37.251630
262828,3722,0,70,NORMAL,263,2026-03-10T15:28:37.251630
262832,3676,0,70,NORMAL,263,2026-03-10T15:28:37.251630
262836,3719,0,70,NORMAL,263,2026-03-10T15:28:37.251630
262840,3635,0,70,NORMAL,263,2026-03-10T15:28:37.251630
262844,3583,0,70,NORMAL,263,2026-03-10T15:28:37.251630
262848,3518,0,70,NORMAL,263,2026-03-10T15:28:37.251630
262852,3437,0,70,NORMAL,263,2026-03-10T15:28:37.251630
262856,3360,0,70,NORMAL,263,2026-03-10T15:28:37.251630
262860,3308,0,70,NORMAL,263,2026-03-10T15:28:37.251630
262864,3310,0,70,NORMAL,263,2026-03-10T15:28:37.251630
262868,3198,0,70,NORMAL,263,2026-03-10T15:28:37.251630
262872,3157,0,70,NORMAL,263,2026-03-10T15:28:37.251630
262876,3084,0,70,NORMAL,263,2026-03-10T15:28:37.251630
262880,3075,0,70,NORMAL,263,2026-03-10T15:28:37.251630
262884,2937,0,70,NORMAL,263,2026-03-10T15:28:37.251630
262888,2957,0,70,NORMAL,263,2026-03-10T15:28:37.251630
262892,2804,0,70,NORMAL,263,2026-03-10T15:28:37.251630
262896,2758,0,70,NORMAL,263,2026-03-10T15:28:37.251630
262900,2803,0,70,NORMAL,263,2026-03-10T15:28:37.251630
262904,2774,0,70,NORMAL,263,2026-03-10T15:28:37.251630
262908,2704,0,70,NORMAL,263,2026-03-10T15:28:37.251630
262912,2697,0,70,NORMAL,263,2026-03-10T15:28:37.251630
262916,2612,0,70,NORMAL,263,2026-03-10T15:28:37.251630
262920,2593,0,70,NORMAL,263,2026-03-10T15:28:37.251630
262924,2615,0,70,NORMAL,263,2026-03-10T15:28:37.251630
262928,2584,0,70,NORMAL,263,2026-03-10T15:28:37.251630
262932,2574,0,70,NORMAL,263,2026-03-10T15:28:37.251630
262936,2628,0,70,NORMAL,263,2026-03-10T15:28:37.251630
262940,2556,0,70,NORMAL,263,2026-03-10T15:28:37.251630
262944,2609,0,70,NORMAL,263,2026-03-10T15:28:37.251630
262948,2573,0,70,NORMAL,263,2026-03-10T15:28:37.251630
262952,2529,0,70,NORMAL,263,2026-03-10T15:28:37.251630
262956,2562,0,70,NORMAL,263,2026-03-10T15:28:37.251630
262960,2639,0,70,NORMAL,263,2026-03-10T15:28:37.251630
262964,2586,0,70,NORMAL,263,2026-03-10T15:28:37.251630
262968,2616,0,70,NORMAL,263,2026-03-10T15:28:37.251630
262972,2618,0,70,NORMAL,263,2026-03-10T15:28:37.251630
262976,2630,0,70,NORMAL,263,2026-03-10T15:28:37.251630
262980,2669,0,70,NORMAL,263,2026-03-10T15:28:37.251630
262984,2655,0,70,NORMAL,263,2026-03-10T15:28:37.251630
262988,2617,0,70,NORMAL,263,2026-03-10T15:28:37.251630
262992,2701,0,70,NORMAL,263,2026-03-10T15:28:37.251630
262996,2577,0,70,NORMAL,263,2026-03-10T15:28:37.251630
263000,3690,0,70,NORMAL,264,2026-03-10T15:28:37.356745
263004,3737,0,70,NORMAL,264,2026-03-10T15:28:37.356745
263008,3681,0,70,NORMAL,264,2026-03-10T15:28:37.356745
263012,3633,0,70,NORMAL,264,2026-03-10T15:28:37.356745
263016,3636,0,70,NORMAL,264,2026-03-10T15:28:37.356745
263020,3580,0,70,NORMAL,264,2026-03-10T15:28:37.356745
263024,3500,0,70,NORMAL,264,2026-03-10T15:28:37.356745
263028,3564,0,70,NORMAL,264,2026-03-10T15:28:37.356745
263032,3430,0,70,NORMAL,264,2026-03-10T15:28:37.356745
263036,3382,0,70,NORMAL,264,2026-03-10T15:28:37.356745
263040,3318,0,70,NORMAL,264,2026-03-10T15:28:37.356745
263044,3222,0,70,NORMAL,264,2026-03-10T15:28:37.356745
263048,3183,0,70,NORMAL,264,2026-03-10T15:28:37.356745
263052,3156,0,70,NORMAL,264,2026-03-10T15:28:37.356745
263056,3049,0,70,NORMAL,264,2026-03-10T15:28:37.356745
263060,2973,0,70,NORMAL,264,2026-03-10T15:28:37.356745
263064,2945,0,70,NORMAL,264,2026-03-10T15:28:37.356745
263068,2925,0,70,NORMAL,264,2026-03-10T15:28:37.356745
263072,2776,0,70,NORMAL,264,2026-03-10T15:28:37.356745
263076,2822,0,70,NORMAL,264,2026-03-10T15:28:37.356745
263080,2772,0,70,NORMAL,264,2026-03-10T15:28:37.356745
263084,2698,0,70,NORMAL,264,2026-03-10T15:28:37.356745
263088,2659,0,70,NORMAL,264,2026-03-10T15:28:37.356745
263092,2622,0,70,NORMAL,264,2026-03-10T15:28:37.356745
263096,2602,0,70,NORMAL,264,2026-03-10T15:28:37.356745
263100,2533,0,70,NORMAL,264,2026-03-10T15:28:37.356745
263104,2568,0,70,NORMAL,264,2026-03-10T15:28:37.356745
263108,2582,0,70,NORMAL,264,2026-03-10T15:28:37.356745
263112,2525,0,70,NORMAL,264,2026-03-10T15:28:37.356745
263116,2524,0,70,NORMAL,264,2026-03-10T15:28:37.356745
263120,2515,0,70,NORMAL,264,2026-03-10T15:28:37.356745
263124,2564,0,70,NORMAL,264,2026-03-10T15:28:37.356745
263128,2557,0,70,NORMAL,264,2026-03-10T15:28:37.356745
263132,2477,0,70,NORMAL,264,2026-03-10T15:28:37.356745
263136,2566,0,70,NORMAL,264,2026-03-10T15:28:37.356745
263140,2504,0,70,NORMAL,264,2026-03-10T15:28:37.356745
263144,2575,0,70,NORMAL,264,2026-03-10T15:28:37.356745
263148,2541,0,70,NORMAL,264,2026-03-10T15:28:37.356745
263152,2564,0,70,NORMAL,264,2026-03-10T15:28:37.356745
263156,2564,0,70,NORMAL,264,2026-03-10T15:28:37.356745
263160,2549,0,70,NORMAL,264,2026-03-10T15:28:37.356745
263164,2498,0,70,NORMAL,264,2026-03-10T15:28:37.356745
263168,2566,0,70,NORMAL,264,2026-03-10T15:28:37.356745
263172,2607,0,70,NORMAL,264,2026-03-10T15:28:37.356745
263176,2593,0,70,NORMAL,264,2026-03-10T15:28:37.356745
263180,2593,0,70,NORMAL,264,2026-03-10T15:28:37.356745
263184,2580,0,70,NORMAL,264,2026-03-10T15:28:37.356745
263188,2652,0,70,NORMAL,264,2026-03-10T15:28:37.356745
263192,2575,0,70,NORMAL,264,2026-03-10T15:28:37.356745
263196,2585,0,70,NORMAL,264,2026-03-10T15:28:37.356745
263200,2575,0,70,NORMAL,264,2026-03-10T15:28:37.356745
263204,2624,0,70,NORMAL,264,2026-03-10T15:28:37.356745
263208,2567,0,70,NORMAL,264,2026-03-10T15:28:37.356745
263212,2633,0,70,NORMAL,264,2026-03-10T15:28:37.356745
263216,2593,0,70,NORMAL,264,2026-03-10T15:28:37.356745
263220,2557,0,70,NORMAL,264,2026-03-10T15:28:37.356745
263224,2587,0,70,NORMAL,264,2026-03-10T15:28:37.356745
263228,2589,0,70,NORMAL,264,2026-03-10T15:28:37.356745
263232,2550,0,70,NORMAL,264,2026-03-10T15:28:37.356745
263236,2545,0,70,NORMAL,264,2026-03-10T15:28:37.356745
263240,2551,0,70,NORMAL,264,2026-03-10T15:28:37.356745
263244,2507,0,70,NORMAL,264,2026-03-10T15:28:37.356745
263248,2527,0,70,NORMAL,264,2026-03-10T15:28:37.356745
263252,2529,0,70,NORMAL,264,2026-03-10T15:28:37.356745
263256,2508,0,70,NORMAL,264,2026-03-10T15:28:37.356745
263260,2522,0,70,NORMAL,264,2026-03-10T15:28:37.356745
263264,2544,0,70,NORMAL,264,2026-03-10T15:28:37.356745
263268,2495,0,70,NORMAL,264,2026-03-10T15:28:37.356745
263272,2456,0,70,NORMAL,264,2026-03-10T15:28:37.356745
263276,2497,0,70,NORMAL,264,2026-03-10T15:28:37.356745
263280,2440,0,70,NORMAL,264,2026-03-10T15:28:37.356745
263284,2463,0,70,NORMAL,264,2026-03-10T15:28:37.356745
263288,2417,0,70,NORMAL,264,2026-03-10T15:28:37.356745
263292,2405,0,70,NORMAL,264,2026-03-10T15:28:37.356745
263296,2431,0,70,NORMAL,264,2026-03-10T15:28:37.356745
263300,2420,0,70,NORMAL,264,2026-03-10T15:28:37.356745
263304,2386,0,70,NORMAL,264,2026-03-10T15:28:37.356745
263308,2363,0,70,NORMAL,264,2026-03-10T15:28:37.356745
263312,2348,0,70,NORMAL,264,2026-03-10T15:28:37.356745
263316,2334,0,70,NORMAL,264,2026-03-10T15:28:37.356745
263320,2403,0,70,NORMAL,264,2026-03-10T15:28:37.356745
263324,2397,0,70,NORMAL,264,2026-03-10T15:28:37.356745
263328,2273,0,70,NORMAL,264,2026-03-10T15:28:37.356745
263332,2292,0,70,NORMAL,264,2026-03-10T15:28:37.356745
263336,2316,0,70,NORMAL,264,2026-03-10T15:28:37.356745
263340,2301,0,70,NORMAL,264,2026-03-10T15:28:37.356745
263344,2235,0,70,NORMAL,264,2026-03-10T15:28:37.356745
263348,2289,0,70,NORMAL,264,2026-03-10T15:28:37.356745
263352,2239,0,70,NORMAL,264,2026-03-10T15:28:37.356745
263356,2192,0,70,NORMAL,264,2026-03-10T15:28:37.356745
263360,2244,0,70,NORMAL,264,2026-03-10T15:28:37.356745
263364,2146,0,70,NORMAL,264,2026-03-10T15:28:37.356745
263368,2216,0,70,NORMAL,264,2026-03-10T15:28:37.356745
263372,2229,0,70,NORMAL,264,2026-03-10T15:28:37.356745
263376,2167,0,70,NORMAL,264,2026-03-10T15:28:37.356745
263380,2191,0,70,NORMAL,264,2026-03-10T15:28:37.356745
263384,2197,0,70,NORMAL,264,2026-03-10T15:28:37.356745
263388,2254,0,70,NORMAL,264,2026-03-10T15:28:37.356745
263392,2094,0,70,NORMAL,264,2026-03-10T15:28:37.356745
263396,2157,0,70,NORMAL,264,2026-03-10T15:28:37.356745
263400,2200,0,70,NORMAL,264,2026-03-10T15:28:37.356745
263404,2114,0,70,NORMAL,264,2026-03-10T15:28:37.356745
263408,2154,0,70,NORMAL,264,2026-03-10T15:28:37.356745
263412,2129,0,70,NORMAL,264,2026-03-10T15:28:37.356745
263416,2197,0,70,NORMAL,264,2026-03-10T15:28:37.356745
263420,2141,0,70,NORMAL,264,2026-03-10T15:28:37.356745
263424,2119,0,70,NORMAL,264,2026-03-10T15:28:37.356745
263428,2140,0,70,NORMAL,264,2026-03-10T15:28:37.356745
263432,2113,0,70,NORMAL,264,2026-03-10T15:28:37.356745
263436,2116,0,70,NORMAL,264,2026-03-10T15:28:37.356745
263440,2124,0,70,NORMAL,264,2026-03-10T15:28:37.356745
263444,2093,0,70,NORMAL,264,2026-03-10T15:28:37.356745
263448,2124,0,70,NORMAL,264,2026-03-10T15:28:37.356745
263452,2159,0,70,NORMAL,264,2026-03-10T15:28:37.356745
263456,2080,0,70,NORMAL,264,2026-03-10T15:28:37.356745
263460,2151,0,70,NORMAL,264,2026-03-10T15:28:37.356745
263464,2054,0,70,NORMAL,264,2026-03-10T15:28:37.356745
263468,2113,0,70,NORMAL,264,2026-03-10T15:28:37.356745
263472,2145,0,70,NORMAL,264,2026-03-10T15:28:37.356745
263476,2138,0,70,NORMAL,264,2026-03-10T15:28:37.356745
263480,2135,0,70,NORMAL,264,2026-03-10T15:28:37.356745
263484,2113,0,70,NORMAL,264,2026-03-10T15:28:37.356745
263488,2132,0,70,NORMAL,264,2026-03-10T15:28:37.356745
263492,2081,0,70,NORMAL,264,2026-03-10T15:28:37.356745
263496,2099,0,70,NORMAL,264,2026-03-10T15:28:37.356745
263500,2152,0,70,NORMAL,264,2026-03-10T15:28:37.356745
263504,2159,0,70,NORMAL,264,2026-03-10T15:28:37.356745
263508,2225,0,70,NORMAL,264,2026-03-10T15:28:37.356745
263512,2179,0,70,NORMAL,264,2026-03-10T15:28:37.356745
263516,2152,0,70,NORMAL,264,2026-03-10T15:28:37.356745
263520,2093,0,70,NORMAL,264,2026-03-10T15:28:37.356745
263524,2151,0,70,NORMAL,264,2026-03-10T15:28:37.356745
263528,2140,0,70,NORMAL,264,2026-03-10T15:28:37.356745
263532,2139,0,70,NORMAL,264,2026-03-10T15:28:37.356745
263536,2156,0,70,NORMAL,264,2026-03-10T15:28:37.356745
263540,2223,0,70,NORMAL,264,2026-03-10T15:28:37.356745
263544,2192,0,70,NORMAL,264,2026-03-10T15:28:37.356745
263548,2231,0,70,NORMAL,264,2026-03-10T15:28:37.356745
263552,2212,0,70,NORMAL,264,2026-03-10T15:28:37.356745
263556,2241,0,70,NORMAL,264,2026-03-10T15:28:37.356745
263560,2274,0,70,NORMAL,264,2026-03-10T15:28:37.356745
263564,2280,0,70,NORMAL,264,2026-03-10T15:28:37.356745
263568,2221,0,70,NORMAL,264,2026-03-10T15:28:37.356745
263572,2228,0,70,NORMAL,264,2026-03-10T15:28:37.356745
263576,2282,0,70,NORMAL,264,2026-03-10T15:28:37.356745
263580,2329,0,70,NORMAL,264,2026-03-10T15:28:37.356745
263584,2326,0,70,NORMAL,264,2026-03-10T15:28:37.356745
263588,2310,0,70,NORMAL,264,2026-03-10T15:28:37.356745
263592,2365,0,70,NORMAL,264,2026-03-10T15:28:37.356745
263596,2342,0,70,NORMAL,264,2026-03-10T15:28:37.356745
263600,2356,0,70,NORMAL,264,2026-03-10T15:28:37.356745
263604,2394,0,70,NORMAL,264,2026-03-10T15:28:37.356745
263608,2389,0,70,NORMAL,264,2026-03-10T15:28:37.356745
263612,2415,0,70,NORMAL,264,2026-03-10T15:28:37.356745
263616,2342,0,70,NORMAL,264,2026-03-10T15:28:37.356745
263620,2405,0,70,NORMAL,264,2026-03-10T15:28:37.356745
263624,2434,0,70,NORMAL,264,2026-03-10T15:28:37.356745
263628,2386,0,70,NORMAL,264,2026-03-10T15:28:37.356745
263632,2458,0,70,NORMAL,264,2026-03-10T15:28:37.356745
263636,2423,0,70,NORMAL,264,2026-03-10T15:28:37.356745
263640,2467,0,70,NORMAL,264,2026-03-10T15:28:37.356745
263644,2444,0,70,NORMAL,264,2026-03-10T15:28:37.356745
263648,2443,0,70,NORMAL,264,2026-03-10T15:28:37.356745
263652,2399,0,70,NORMAL,264,2026-03-10T15:28:37.356745
263656,2472,0,70,NORMAL,264,2026-03-10T15:28:37.356745
263660,2497,0,70,NORMAL,264,2026-03-10T15:28:37.356745
263664,2504,0,70,NORMAL,264,2026-03-10T15:28:37.356745
263668,2514,0,70,NORMAL,264,2026-03-10T15:28:37.356745
263672,2507,0,70,NORMAL,264,2026-03-10T15:28:37.356745
263676,2555,0,70,NORMAL,264,2026-03-10T15:28:37.356745
263680,2527,0,70,NORMAL,264,2026-03-10T15:28:37.356745
263684,2562,0,70,NORMAL,264,2026-03-10T15:28:37.356745
263688,2501,0,70,NORMAL,264,2026-03-10T15:28:37.356745
263692,2497,0,70,NORMAL,264,2026-03-10T15:28:37.356745
263696,2584,0,70,NORMAL,264,2026-03-10T15:28:37.356745
263700,2535,0,70,NORMAL,264,2026-03-10T15:28:37.356745
263704,2531,0,70,NORMAL,264,2026-03-10T15:28:37.356745
263708,2535,0,70,NORMAL,264,2026-03-10T15:28:37.356745
263712,2614,0,70,NORMAL,264,2026-03-10T15:28:37.356745
263716,2606,0,70,NORMAL,264,2026-03-10T15:28:37.356745
263720,2639,0,70,NORMAL,264,2026-03-10T15:28:37.356745
263724,2652,0,70,NORMAL,264,2026-03-10T15:28:37.356745
263728,2632,0,70,NORMAL,264,2026-03-10T15:28:37.356745
263732,2725,0,70,NORMAL,264,2026-03-10T15:28:37.356745
263736,2723,0,70,NORMAL,264,2026-03-10T15:28:37.356745
263740,2850,0,70,NORMAL,264,2026-03-10T15:28:37.356745
263744,2853,0,70,NORMAL,264,2026-03-10T15:28:37.356745
263748,2898,0,70,NORMAL,264,2026-03-10T15:28:37.356745
263752,2930,0,70,NORMAL,264,2026-03-10T15:28:37.356745
263756,2977,0,70,NORMAL,264,2026-03-10T15:28:37.356745
263760,3049,0,70,NORMAL,264,2026-03-10T15:28:37.356745
263764,3144,0,70,NORMAL,264,2026-03-10T15:28:37.356745
263768,3162,0,70,NORMAL,264,2026-03-10T15:28:37.356745
263772,3264,0,70,NORMAL,264,2026-03-10T15:28:37.356745
263776,3309,0,70,NORMAL,264,2026-03-10T15:28:37.356745
263780,3369,0,70,NORMAL,264,2026-03-10T15:28:37.356745
263784,3489,0,70,NORMAL,264,2026-03-10T15:28:37.356745
263788,3451,0,70,NORMAL,264,2026-03-10T15:28:37.356745
263792,3525,0,70,NORMAL,264,2026-03-10T15:28:37.356745
263796,3648,0,70,NORMAL,264,2026-03-10T15:28:37.356745
263800,3666,0,70,NORMAL,264,2026-03-10T15:28:37.356745
263804,3701,0,70,NORMAL,264,2026-03-10T15:28:37.356745
263808,3644,0,70,NORMAL,264,2026-03-10T15:28:37.356745
263812,3696,0,70,NORMAL,264,2026-03-10T15:28:37.356745
263816,3754,0,70,NORMAL,264,2026-03-10T15:28:37.356745
263820,3763,0,70,NORMAL,264,2026-03-10T15:28:37.356745
263824,3755,0,70,NORMAL,264,2026-03-10T15:28:37.356745
263828,3756,0,70,NORMAL,264,2026-03-10T15:28:37.356745
263832,3728,0,70,NORMAL,264,2026-03-10T15:28:37.356745
263836,3667,0,70,NORMAL,264,2026-03-10T15:28:37.356745
263840,3656,0,70,NORMAL,264,2026-03-10T15:28:37.356745
263844,3598,0,70,NORMAL,264,2026-03-10T15:28:37.356745
263848,3507,0,70,NORMAL,264,2026-03-10T15:28:37.356745
263852,3431,0,70,NORMAL,264,2026-03-10T15:28:37.356745
263856,3391,0,70,NORMAL,264,2026-03-10T15:28:37.356745
263860,3361,0,70,NORMAL,264,2026-03-10T15:28:37.356745
263864,3320,0,70,NORMAL,264,2026-03-10T15:28:37.356745
263868,3183,0,70,NORMAL,264,2026-03-10T15:28:37.356745
263872,3147,0,70,NORMAL,264,2026-03-10T15:28:37.356745
263876,3056,0,70,NORMAL,264,2026-03-10T15:28:37.356745
263880,3036,0,70,NORMAL,264,2026-03-10T15:28:37.356745
263884,2990,0,70,NORMAL,264,2026-03-10T15:28:37.356745
263888,2927,0,70,NORMAL,264,2026-03-10T15:28:37.356745
263892,2888,0,70,NORMAL,264,2026-03-10T15:28:37.356745
263896,2826,0,70,NORMAL,264,2026-03-10T15:28:37.356745
263900,2801,0,70,NORMAL,264,2026-03-10T15:28:37.356745
263904,2757,0,70,NORMAL,264,2026-03-10T15:28:37.356745
263908,2732,0,70,NORMAL,264,2026-03-10T15:28:37.356745
263912,2677,0,70,NORMAL,264,2026-03-10T15:28:37.356745
263916,2654,0,70,NORMAL,264,2026-03-10T15:28:37.356745
263920,2619,0,70,NORMAL,264,2026-03-10T15:28:37.356745
263924,2626,0,70,NORMAL,264,2026-03-10T15:28:37.356745
263928,2614,0,70,NORMAL,264,2026-03-10T15:28:37.356745
263932,2600,0,70,NORMAL,264,2026-03-10T15:28:37.356745
263936,2598,0,70,NORMAL,264,2026-03-10T15:28:37.356745
263940,2596,0,70,NORMAL,264,2026-03-10T15:28:37.356745
263944,2652,0,70,NORMAL,264,2026-03-10T15:28:37.356745
263948,2588,0,70,NORMAL,264,2026-03-10T15:28:37.356745
263952,2569,0,70,NORMAL,264,2026-03-10T15:28:37.356745
263956,2560,0,70,NORMAL,264,2026-03-10T15:28:37.356745
263960,2597,0,70,NORMAL,264,2026-03-10T15:28:37.356745
263964,2596,0,70,NORMAL,264,2026-03-10T15:28:37.356745
263968,2631,0,70,NORMAL,264,2026-03-10T15:28:37.356745
263972,2632,0,70,NORMAL,264,2026-03-10T15:28:37.356745
263976,2632,0,70,NORMAL,264,2026-03-10T15:28:37.356745
263980,2597,0,70,NORMAL,264,2026-03-10T15:28:37.356745
263984,2657,0,70,NORMAL,264,2026-03-10T15:28:37.356745
263988,2631,0,70,NORMAL,264,2026-03-10T15:28:37.356745
263992,2631,0,70,NORMAL,264,2026-03-10T15:28:37.356745
263996,2584,0,70,NORMAL,264,2026-03-10T15:28:37.356745
264000,3711,0,70,NORMAL,265,2026-03-10T15:28:37.470341
264004,3733,0,70,NORMAL,265,2026-03-10T15:28:37.470341
264008,3702,0,70,NORMAL,265,2026-03-10T15:28:37.470341
264012,3645,0,70,NORMAL,265,2026-03-10T15:28:37.470341
264016,3548,0,70,NORMAL,265,2026-03-10T15:28:37.470341
264020,3561,0,70,NORMAL,265,2026-03-10T15:28:37.470341
264024,3531,0,70,NORMAL,265,2026-03-10T15:28:37.470341
264028,3480,0,70,NORMAL,265,2026-03-10T15:28:37.470341
264032,3401,0,70,NORMAL,265,2026-03-10T15:28:37.470341
264036,3344,0,70,NORMAL,265,2026-03-10T15:28:37.470341
264040,3293,0,70,NORMAL,265,2026-03-10T15:28:37.470341
264044,3262,0,70,NORMAL,265,2026-03-10T15:28:37.470341
264048,3206,0,70,NORMAL,265,2026-03-10T15:28:37.470341
264052,3088,0,70,NORMAL,265,2026-03-10T15:28:37.470341
264056,3035,0,70,NORMAL,265,2026-03-10T15:28:37.470341
264060,2940,0,70,NORMAL,265,2026-03-10T15:28:37.470341
264064,2961,0,70,NORMAL,265,2026-03-10T15:28:37.470341
264068,2900,0,70,NORMAL,265,2026-03-10T15:28:37.470341
264072,2812,0,70,NORMAL,265,2026-03-10T15:28:37.470341
264076,2764,0,70,NORMAL,265,2026-03-10T15:28:37.470341
264080,2696,0,70,NORMAL,265,2026-03-10T15:28:37.470341
264084,2680,0,70,NORMAL,265,2026-03-10T15:28:37.470341
264088,2632,0,70,NORMAL,265,2026-03-10T15:28:37.470341
264092,2608,0,70,NORMAL,265,2026-03-10T15:28:37.470341
264096,2566,0,70,NORMAL,265,2026-03-10T15:28:37.470341
264100,2575,0,70,NORMAL,265,2026-03-10T15:28:37.470341
264104,2554,0,70,NORMAL,265,2026-03-10T15:28:37.470341
264108,2547,0,70,NORMAL,265,2026-03-10T15:28:37.470341
264112,2536,0,70,NORMAL,265,2026-03-10T15:28:37.470341
264116,2517,0,70,NORMAL,265,2026-03-10T15:28:37.470341
264120,2563,0,70,NORMAL,265,2026-03-10T15:28:37.470341
264124,2538,0,70,NORMAL,265,2026-03-10T15:28:37.470341
264128,2516,0,70,NORMAL,265,2026-03-10T15:28:37.470341
264132,2484,0,70,NORMAL,265,2026-03-10T15:28:37.470341
264136,2486,0,70,NORMAL,265,2026-03-10T15:28:37.470341
264140,2552,0,70,NORMAL,265,2026-03-10T15:28:37.470341
264144,2465,0,70,NORMAL,265,2026-03-10T15:28:37.470341
264148,2519,0,70,NORMAL,265,2026-03-10T15:28:37.470341
264152,2509,0,70,NORMAL,265,2026-03-10T15:28:37.470341
264156,2540,0,70,NORMAL,265,2026-03-10T15:28:37.470341
264160,2572,0,70,NORMAL,265,2026-03-10T15:28:37.470341
264164,2575,0,70,NORMAL,265,2026-03-10T15:28:37.470341
264168,2552,0,70,NORMAL,265,2026-03-10T15:28:37.470341
264172,2562,0,70,NORMAL,265,2026-03-10T15:28:37.470341
264176,2533,0,70,NORMAL,265,2026-03-10T15:28:37.470341
264180,2578,0,70,NORMAL,265,2026-03-10T15:28:37.470341
264184,2614,0,70,NORMAL,265,2026-03-10T15:28:37.470341
264188,2538,0,70,NORMAL,265,2026-03-10T15:28:37.470341
264192,2546,0,70,NORMAL,265,2026-03-10T15:28:37.470341
264196,2569,0,70,NORMAL,265,2026-03-10T15:28:37.470341
264200,2560,0,70,NORMAL,265,2026-03-10T15:28:37.470341
264204,2615,0,70,NORMAL,265,2026-03-10T15:28:37.470341
264208,2502,0,70,NORMAL,265,2026-03-10T15:28:37.470341
264212,2609,0,70,NORMAL,265,2026-03-10T15:28:37.470341
264216,2649,0,70,NORMAL,265,2026-03-10T15:28:37.470341
264220,2610,0,70,NORMAL,265,2026-03-10T15:28:37.470341
264224,2543,0,70,NORMAL,265,2026-03-10T15:28:37.470341
264228,2580,0,70,NORMAL,265,2026-03-10T15:28:37.470341
264232,2562,0,70,NORMAL,265,2026-03-10T15:28:37.470341
264236,2521,0,70,NORMAL,265,2026-03-10T15:28:37.470341
264240,2597,0,70,NORMAL,265,2026-03-10T15:28:37.470341
264244,2547,0,70,NORMAL,265,2026-03-10T15:28:37.470341
264248,2532,0,70,NORMAL,265,2026-03-10T15:28:37.470341
264252,2509,0,70,NORMAL,265,2026-03-10T15:28:37.470341
264256,2522,0,70,NORMAL,265,2026-03-10T15:28:37.470341
264260,2518,0,70,NORMAL,265,2026-03-10T15:28:37.470341
264264,2560,0,70,NORMAL,265,2026-03-10T15:28:37.470341
264268,2512,0,70,NORMAL,265,2026-03-10T15:28:37.470341
264272,2447,0,70,NORMAL,265,2026-03-10T15:28:37.470341
264276,2440,0,70,NORMAL,265,2026-03-10T15:28:37.470341
264280,2443,0,70,NORMAL,265,2026-03-10T15:28:37.470341
264284,2452,0,70,NORMAL,265,2026-03-10T15:28:37.470341
264288,2431,0,70,NORMAL,265,2026-03-10T15:28:37.470341
264292,2435,0,70,NORMAL,265,2026-03-10T15:28:37.470341
264296,2362,0,70,NORMAL,265,2026-03-10T15:28:37.470341
264300,2377,0,70,NORMAL,265,2026-03-10T15:28:37.470341
264304,2370,0,70,NORMAL,265,2026-03-10T15:28:37.470341
264308,2345,0,70,NORMAL,265,2026-03-10T15:28:37.470341
264312,2290,0,70,NORMAL,265,2026-03-10T15:28:37.470341
264316,2350,0,70,NORMAL,265,2026-03-10T15:28:37.470341
264320,2337,0,70,NORMAL,265,2026-03-10T15:28:37.470341
264324,2354,0,70,NORMAL,265,2026-03-10T15:28:37.470341
264328,2291,0,70,NORMAL,265,2026-03-10T15:28:37.470341
264332,2235,0,70,NORMAL,265,2026-03-10T15:28:37.470341
264336,2273,0,70,NORMAL,265,2026-03-10T15:28:37.470341
264340,2244,0,70,NORMAL,265,2026-03-10T15:28:37.470341
264344,2329,0,70,NORMAL,265,2026-03-10T15:28:37.470341
264348,2235,0,70,NORMAL,265,2026-03-10T15:28:37.470341
264352,2220,0,70,NORMAL,265,2026-03-10T15:28:37.470341
264356,2242,0,70,NORMAL,265,2026-03-10T15:28:37.470341
264360,2217,0,70,NORMAL,265,2026-03-10T15:28:37.470341
264364,2199,0,70,NORMAL,265,2026-03-10T15:28:37.470341
264368,2213,0,70,NORMAL,265,2026-03-10T15:28:37.470341
264372,2188,0,70,NORMAL,265,2026-03-10T15:28:37.470341
264376,2145,0,70,NORMAL,265,2026-03-10T15:28:37.470341
264380,2190,0,70,NORMAL,265,2026-03-10T15:28:37.470341
264384,2249,0,70,NORMAL,265,2026-03-10T15:28:37.470341
264388,2182,0,70,NORMAL,265,2026-03-10T15:28:37.470341
264392,2134,0,70,NORMAL,265,2026-03-10T15:28:37.470341
264396,2099,0,70,NORMAL,265,2026-03-10T15:28:37.470341
264400,2228,0,70,NORMAL,265,2026-03-10T15:28:37.470341
264404,2172,0,70,NORMAL,265,2026-03-10T15:28:37.470341
264408,2144,0,70,NORMAL,265,2026-03-10T15:28:37.470341
264412,2153,0,70,NORMAL,265,2026-03-10T15:28:37.470341
264416,2124,0,70,NORMAL,265,2026-03-10T15:28:37.470341
264420,2124,0,70,NORMAL,265,2026-03-10T15:28:37.470341
264424,2080,0,70,NORMAL,265,2026-03-10T15:28:37.470341
264428,2090,0,70,NORMAL,265,2026-03-10T15:28:37.470341
264432,2119,0,70,NORMAL,265,2026-03-10T15:28:37.470341
264436,2105,0,70,NORMAL,265,2026-03-10T15:28:37.470341
264440,2130,0,70,NORMAL,265,2026-03-10T15:28:37.470341
264444,2162,0,70,NORMAL,265,2026-03-10T15:28:37.470341
264448,2108,0,70,NORMAL,265,2026-03-10T15:28:37.470341
264452,2109,0,70,NORMAL,265,2026-03-10T15:28:37.470341
264456,2117,0,70,NORMAL,265,2026-03-10T15:28:37.470341
264460,2153,0,70,NORMAL,265,2026-03-10T15:28:37.470341
264464,2137,0,70,NORMAL,265,2026-03-10T15:28:37.470341
264468,2126,0,70,NORMAL,265,2026-03-10T15:28:37.470341
264472,2137,0,70,NORMAL,265,2026-03-10T15:28:37.470341
264476,2094,0,70,NORMAL,265,2026-03-10T15:28:37.470341
264480,2166,0,70,NORMAL,265,2026-03-10T15:28:37.470341
264484,2111,0,70,NORMAL,265,2026-03-10T15:28:37.470341
264488,2122,0,70,NORMAL,265,2026-03-10T15:28:37.470341
264492,2130,0,70,NORMAL,265,2026-03-10T15:28:37.470341
264496,2134,0,70,NORMAL,265,2026-03-10T15:28:37.470341
264500,2144,0,70,NORMAL,265,2026-03-10T15:28:37.470341
264504,2160,0,70,NORMAL,265,2026-03-10T15:28:37.470341
264508,2174,0,70,NORMAL,265,2026-03-10T15:28:37.470341
264512,2103,0,70,NORMAL,265,2026-03-10T15:28:37.470341
264516,2185,0,70,NORMAL,265,2026-03-10T15:28:37.470341
264520,2183,0,70,NORMAL,265,2026-03-10T15:28:37.470341
264524,2179,0,70,NORMAL,265,2026-03-10T15:28:37.470341
264528,2219,0,70,NORMAL,265,2026-03-10T15:28:37.470341
264532,2177,0,70,NORMAL,265,2026-03-10T15:28:37.470341
264536,2215,0,70,NORMAL,265,2026-03-10T15:28:37.470341
264540,2202,0,70,NORMAL,265,2026-03-10T15:28:37.470341
264544,2245,0,70,NORMAL,265,2026-03-10T15:28:37.470341
264548,2227,0,70,NORMAL,265,2026-03-10T15:28:37.470341
264552,2209,0,70,NORMAL,265,2026-03-10T15:28:37.470341
264556,2311,0,70,NORMAL,265,2026-03-10T15:28:37.470341
264560,2301,0,70,NORMAL,265,2026-03-10T15:28:37.470341
264564,2329,0,70,NORMAL,265,2026-03-10T15:28:37.470341
264568,2346,0,70,NORMAL,265,2026-03-10T15:28:37.470341
264572,2272,0,70,NORMAL,265,2026-03-10T15:28:37.470341
264576,2269,0,70,NORMAL,265,2026-03-10T15:28:37.470341
264580,2388,0,70,NORMAL,265,2026-03-10T15:28:37.470341
264584,2362,0,70,NORMAL,265,2026-03-10T15:28:37.470341
264588,2330,0,70,NORMAL,265,2026-03-10T15:28:37.470341
264592,2339,0,70,NORMAL,265,2026-03-10T15:28:37.470341
264596,2362,0,70,NORMAL,265,2026-03-10T15:28:37.470341
264600,2398,0,70,NORMAL,265,2026-03-10T15:28:37.470341
264604,2410,0,70,NORMAL,265,2026-03-10T15:28:37.470341
264608,2376,0,70,NORMAL,265,2026-03-10T15:28:37.470341
264612,2411,0,70,NORMAL,265,2026-03-10T15:28:37.470341
264616,2397,0,70,NORMAL,265,2026-03-10T15:28:37.470341
264620,2456,0,70,NORMAL,265,2026-03-10T15:28:37.470341
264624,2414,0,70,NORMAL,265,2026-03-10T15:28:37.470341
264628,2471,0,70,NORMAL,265,2026-03-10T15:28:37.470341
264632,2452,0,70,NORMAL,265,2026-03-10T15:28:37.470341
264636,2472,0,70,NORMAL,265,2026-03-10T15:28:37.470341
264640,2441,0,70,NORMAL,265,2026-03-10T15:28:37.470341
264644,2496,0,70,NORMAL,265,2026-03-10T15:28:37.470341
264648,2447,0,70,NORMAL,265,2026-03-10T15:28:37.470341
264652,2412,0,70,NORMAL,265,2026-03-10T15:28:37.470341
264656,2540,0,70,NORMAL,265,2026-03-10T15:28:37.470341
264660,2511,0,70,NORMAL,265,2026-03-10T15:28:37.470341
264664,2494,0,70,NORMAL,265,2026-03-10T15:28:37.470341
264668,2459,0,70,NORMAL,265,2026-03-10T15:28:37.470341
264672,2486,0,70,NORMAL,265,2026-03-10T15:28:37.470341
264676,2494,0,70,NORMAL,265,2026-03-10T15:28:37.470341
264680,2548,0,70,NORMAL,265,2026-03-10T15:28:37.470341
264684,2496,0,70,NORMAL,265,2026-03-10T15:28:37.470341
264688,2512,0,70,NORMAL,265,2026-03-10T15:28:37.470341
264692,2570,0,70,NORMAL,265,2026-03-10T15:28:37.470341
264696,2485,0,70,NORMAL,265,2026-03-10T15:28:37.470341
264700,2590,0,70,NORMAL,265,2026-03-10T15:28:37.470341
264704,2622,0,70,NORMAL,265,2026-03-10T15:28:37.470341
264708,2586,0,70,NORMAL,265,2026-03-10T15:28:37.470341
264712,2635,0,70,NORMAL,265,2026-03-10T15:28:37.470341
264716,2712,0,70,NORMAL,265,2026-03-10T15:28:37.470341
264720,2680,0,70,NORMAL,265,2026-03-10T15:28:37.470341
264724,2742,0,70,NORMAL,265,2026-03-10T15:28:37.470341
264728,2797,0,70,NORMAL,265,2026-03-10T15:28:37.470341
264732,2782,0,70,NORMAL,265,2026-03-10T15:28:37.470341
264736,2866,0,70,NORMAL,265,2026-03-10T15:28:37.470341
264740,2899,0,70,NORMAL,265,2026-03-10T15:28:37.470341
264744,2965,0,70,NORMAL,265,2026-03-10T15:28:37.470341
264748,3037,0,70,NORMAL,265,2026-03-10T15:28:37.470341
264752,3099,0,70,NORMAL,265,2026-03-10T15:28:37.470341
264756,3155,0,70,NORMAL,265,2026-03-10T15:28:37.470341
264760,3187,0,70,NORMAL,265,2026-03-10T15:28:37.470341
264764,3309,0,70,NORMAL,265,2026-03-10T15:28:37.470341
264768,3344,0,70,NORMAL,265,2026-03-10T15:28:37.470341
264772,3361,0,70,NORMAL,265,2026-03-10T15:28:37.470341
264776,3413,0,70,NORMAL,265,2026-03-10T15:28:37.470341
264780,3539,0,70,NORMAL,265,2026-03-10T15:28:37.470341
264784,3584,0,70,NORMAL,265,2026-03-10T15:28:37.470341
264788,3566,0,70,NORMAL,265,2026-03-10T15:28:37.470341
264792,3611,0,70,NORMAL,265,2026-03-10T15:28:37.470341
264796,3672,0,70,NORMAL,265,2026-03-10T15:28:37.470341
264800,3726,0,70,NORMAL,265,2026-03-10T15:28:37.470341
264804,3810,0,70,NORMAL,265,2026-03-10T15:28:37.470341
264808,3775,0,70,NORMAL,265,2026-03-10T15:28:37.470341
264812,3732,0,70,NORMAL,265,2026-03-10T15:28:37.470341
264816,3713,0,70,NORMAL,265,2026-03-10T15:28:37.470341
264820,3749,0,70,NORMAL,265,2026-03-10T15:28:37.470341
264824,3710,0,70,NORMAL,265,2026-03-10T15:28:37.470341
264828,3690,0,70,NORMAL,265,2026-03-10T15:28:37.470341
264832,3571,0,70,NORMAL,265,2026-03-10T15:28:37.470341
264836,3522,0,70,NORMAL,265,2026-03-10T15:28:37.470341
264840,3531,0,70,NORMAL,265,2026-03-10T15:28:37.470341
264844,3474,0,70,NORMAL,265,2026-03-10T15:28:37.470341
264848,3403,0,70,NORMAL,265,2026-03-10T15:28:37.470341
264852,3302,0,70,NORMAL,265,2026-03-10T15:28:37.470341
264856,3291,0,70,NORMAL,265,2026-03-10T15:28:37.470341
264860,3232,0,70,NORMAL,265,2026-03-10T15:28:37.470341
264864,3116,0,70,NORMAL,265,2026-03-10T15:28:37.470341
264868,3093,0,70,NORMAL,265,2026-03-10T15:28:37.470341
264872,3019,0,70,NORMAL,265,2026-03-10T15:28:37.470341
264876,2992,0,70,NORMAL,265,2026-03-10T15:28:37.470341
264880,2838,0,70,NORMAL,265,2026-03-10T15:28:37.470341
264884,2858,0,70,NORMAL,265,2026-03-10T15:28:37.470341
264888,2797,0,70,NORMAL,265,2026-03-10T15:28:37.470341
264892,2771,0,70,NORMAL,265,2026-03-10T15:28:37.470341
264896,2684,0,70,NORMAL,265,2026-03-10T15:28:37.470341
264900,2662,0,70,NORMAL,265,2026-03-10T15:28:37.470341
264904,2672,0,70,NORMAL,265,2026-03-10T15:28:37.470341
264908,2662,0,70,NORMAL,265,2026-03-10T15:28:37.470341
264912,2617,0,70,NORMAL,265,2026-03-10T15:28:37.470341
264916,2585,0,70,NORMAL,265,2026-03-10T15:28:37.470341
264920,2605,0,70,NORMAL,265,2026-03-10T15:28:37.470341
264924,2621,0,70,NORMAL,265,2026-03-10T15:28:37.470341
264928,2606,0,70,NORMAL,265,2026-03-10T15:28:37.470341
264932,2592,0,70,NORMAL,265,2026-03-10T15:28:37.470341
264936,2577,0,70,NORMAL,265,2026-03-10T15:28:37.470341
264940,2593,0,70,NORMAL,265,2026-03-10T15:28:37.470341
264944,2603,0,70,NORMAL,265,2026-03-10T15:28:37.470341
264948,2542,0,70,NORMAL,265,2026-03-10T15:28:37.470341
264952,2591,0,70,NORMAL,265,2026-03-10T15:28:37.470341
264956,2554,0,70,NORMAL,265,2026-03-10T15:28:37.470341
264960,2605,0,70,NORMAL,265,2026-03-10T15:28:37.470341
264964,2655,0,70,NORMAL,265,2026-03-10T15:28:37.470341
264968,2597,0,70,NORMAL,265,2026-03-10T15:28:37.470341
264972,2629,0,70,NORMAL,265,2026-03-10T15:28:37.470341
264976,2639,0,70,NORMAL,265,2026-03-10T15:28:37.470341
264980,2605,0,70,NORMAL,265,2026-03-10T15:28:37.470341
264984,2690,0,70,NORMAL,265,2026-03-10T15:28:37.470341
264988,2595,0,70,NORMAL,265,2026-03-10T15:28:37.470341
264992,2655,0,70,NORMAL,265,2026-03-10T15:28:37.470341
264996,2652,0,70,NORMAL,265,2026-03-10T15:28:37.470341
